的	10835759
我	10791264
，	10779562
你	8915989
了	8654576
不	8254194
是	7924843
哈	5371597
。	5326845
好	5166916
！	5034332
一	4773566
有	4127481
么	3615619
？	3239105
啊	3149944
就	3119547
这	3036121
没	2891255
个	2884521
来	2724738
在	2564084
要	2554995
看	2526669
人	2510920
还	2425889
都	2301406
天	2223463
也	2165691
去	2054586
那	1995244
说	1851137
可	1823826
到	1720871
想	1668410
会	1606824
吃	1598402
上	1593361
以	1588988
…	1553252
得	1524791
吧	1521600
多	1517612
大	1491505
们	1445776
过	1428286
吗	1413001
下	1368252
能	1356629
很	1355326
子	1285163
什	1263815
时	1240838
真	1235229
心	1218589
点	1207258
.	1205471
~	1184529
回	1123488
家	1104020
小	1096838
为	1077556
觉	1039985
他	981032
道	975393
自	969497
爱	950228
对	940216
快	916895
呢	915838
起	902382
谢	897278
生	896747
样	882921
现	879402
开	875958
给	862653
出	862522
太	850472
里	849568
后	838708
怎	837329
年	835781
知	821844
发	817199
着	808811
啦	801336
喜	777796
然	747033
最	719566
欢	719019
别	709659
感	704507
只	702473
呀	702456
睡	701728
嗯	689543
己	678039
事	660568
晚	658806
明	649302
学	644142
哪	630464
～	626678
和	626252
话	609970
意	608637
哦	608184
打	606191
候	591548
次	591218
用	590256
早	590236
又	575054
老	571630
买	567702
美	549619
做	549527
今	546953
手	546333
定	535956
嘛	531509
见	529472
实	525290
情	523016
前	520632
面	519615
长	518537
才	512334
友	505409
安	502633
加	500529
问	494642
女	486660
等	485841
头	481399
再	481360
经	477811
啥	475083
找	472795
机	471459
乐	468842
玩	464860
比	463267
直	460386
气	458552
几	445715
已	442762
行	434777
跟	417611
被	412204
像	411461
走	410589
两	409052
地	408990
把	408942
但	408848
儿	400929
果	400236
无	397257
完	396276
中	393020
动	390422
成	388567
所	386589
高	384746
让	383051
身	381897
带	378852
错	377364
种	373490
钱	371994
该	371153
同	370535
难	370178
油	368990
分	368896
间	367685
放	366749
如	364402
新	361297
她	356585
少	356193
当	355147
男	353785
听	352826
正	350905
电	349916
车	349085
日	347537
三	344860
方	334790
因	331932
哥	330135
月	322857
朋	321577
力	321473
饭	319344
白	318725
眼	318536
应	316767
谁	316329
刚	315115
之	314610
本	313851
其	312528
理	312178
每	311684
水	311658
请	311186
西	308674
重	308328
关	307999
作	302751
而	300715
呵	298952
怕	296064
活	295152
姐	294246
更	293229
喝	291191
东	278575
思	277596
期	276838
些	276010
结	274777
久	273023
服	272803
全	271751
花	271302
假	270764
相	270098
边	264805
记	262257
班	262039
试	260901
算	259766
嘿	259504
路	258959
第	258756
考	258636
求	255541
死	252844
近	250757
照	247633
叫	247162
表	246677
干	244945
认	244119
超	243030
主	242945
笑	241756
工	239158
信	239040
特	235238
常	235235
脸	235201
福	235081
口	234468
十	234267
周	233545
体	231942
懂	231930
题	229631
接	229196
越	229048
胖	228154
穿	227866
狗	226867
住	226515
·	226379
、	225655
!	224455
黑	224420
外	222721
从	222117
挺	221616
望	221130
哇	220971
拍	220788
受	220221
单	219128
换	218916
二	218827
神	218440
业	218325
门	215131
嘻	214058
包	213074
肉	212079
解	211761
宝	211100
法	210918
哎	210642
热	210512
抱	207979
帅	207048
害	206656
亲	205513
变	204867
色	203634
师	203540
合	203202
公	203193
原	201965
送	201575
午	201130
?	199654
办	199148
于	198888
注	198413
必	196610
差	196490
反	195492
海	194551
国	194449
号	194148
节	193320
名	192869
半	192864
瘦	192815
先	192681
告	192561
字	191544
冷	189700
毛	187927
度	187306
咋	187137
衣	186910
夜	184599
总	184317
待	184168
风	183961
张	182556
幸	182487
准	182299
恩	181818
红	181048
片	180203
孩	177486
影	177370
场	177159
文	176638
光	176506
空	176467
火	175581
棒	172821
梦	172639
始	170077
进	168612
聊	168107
昨	168034
妹	167462
约	167041
易	166503
清	166266
备	166216
远	165308
阿	164707
星	164641
马	164526
敢	164395
书	163190
哒	162671
五	161887
够	160852
平	160729
校	160682
四	160082
息	159864
您	159465
帮	158443
祝	157959
养	157727
确	157539
复	156129
希	155899
便	155129
歌	155127
系	155010
收	154459
拿	154450
球	153736
肥	152062
游	151292
跑	150791
北	150610
需	149716
持	149088
物	147787
酒	146887
写	146301
婚	145910
累	145424
洗	144563
慢	144404
何	144075
较	144032
容	144016
亮	143881
苦	143614
级	142960
强	142471
雨	142292
计	142257
失	141964
滴	141723
网	141616
坐	141119
醒	140225
它	140138
诉	139745
肯	138911
伤	138597
皮	138520
句	138375
拉	138001
味	137678
,	137470
位	137237
南	136079
保	136051
休	135671
识	135481
装	135253
哭	134458
提	134153
深	133911
咯	133625
满	133541
掉	132586
猫	131158
妈	130381
调	130069
赞	129970
世	129621
通	128788
飞	128728
量	127908
者	127763
须	127252
留	127160
内	125688
食	125514
卖	125358
运	125036
千	124911
条	124748
底	124661
紧	124360
教	124042
山	123996
恋	123272
票	122507
忘	122472
疼	122247
哟	121791
随	121574
整	121476
非	121326
语	121126
脑	121107
毕	120379
管	119818
木	119674
离	119294
厉	119069
剧	118662
忙	118617
慕	118474
流	118465
烦	118306
遇	118080
万	117995
菜	117800
阳	117536
费	116531
愿	116000
减	115980
且	115960
赶	115261
羡	115247
改	115079
线	115038
唱	114556
演	114422
品	114162
课	113967
件	113911
画	113791
店	113568
怪	113116
绝	112974
视	112561
目	112479
腿	112084
部	112015
八	111265
客	111108
声	110671
图	110409
蛋	109770
象	109474
续	109457
转	109347
音	109140
报	109081
雪	108687
化	108666
轻	108494
短	108445
交	108156
麻	108081
百	107573
春	107489
搞	107282
倒	106174
代	105511
奶	105297
戏	104311
顺	103806
连	103546
竟	103424
切	103142
般	103085
数	102716
饿	102700
适	102469
入	102018
界	101780
房	101755
病	101292
格	100972
州	100627
卡	99726
处	99687
言	99564
米	99526
排	99357
双	99140
终	98815
奇	98722
选	98332
暖	97954
舍	97727
俩	97706
漂	97635
牛	97016
贵	96617
王	96258
精	96134
此	96093
鱼	96018
辣	95554
步	95102
质	94941
青	94654
陪	94409
居	94339
京	93898
浪	93720
块	93661
讲	93501
简	92646
或	92451
温	91408
任	91271
室	91087
'	91023
岁	90897
广	90759
努	90550
各	90298
床	90102
段	90043
六	89335
台	88998
咱	88952
专	88529
丑	88275
豆	88212
证	88078
哼	87992
楼	87856
痛	87431
命	87364
并	87206
念	86496
消	86444
猪	86319
呗	86166
甜	86066
猜	85464
金	85368
继	85264
兴	85215
坏	84894
偷	84654
突	84488
“	84208
估	84175
脚	84104
”	83888
坚	83584
噢	83464
员	83369
嘴	83345
城	83275
偶	83253
秀	82938
额	82828
土	82608
巴	82561
许	82157
站	81987
推	81818
份	81794
型	81712
礼	81318
颜	81106
联	81024
读	80889
观	80618
锅	80527
价	80290
低	79893
惜	79766
末	79129
背	78898
值	78794
冰	78713
骂	78538
餐	78443
剪	78368
利	78291
讨	78212
-	78203
追	78163
性	78073
萌	78027
夸	77496
练	77313
套	77292
香	76953
显	76907
决	76690
向	76601
根	76458
配	76390
七	76008
指	75759
摸	75691
初	74880
弃	74737
恭	74732
圈	74543
基	74523
故	74414
仙	74232
茶	74188
似	73931
斤	73778
翻	73638
队	73600
习	73480
唉	73326
补	73203
智	72936
辛	72612
钟	72574
艺	72475
市	72354
医	72008
黄	71884
乱	71621
永	71578
停	71474
熟	71391
迷	71293
忍	71206
乖	71180
弄	71159
除	71089
鞋	71087
修	71080
镜	70164
纸	70134
：	70085
首	69922
谈	69873
静	69770
鸡	69769
牙	69730
弟	69724
〜	69662
区	69361
骗	69349
角	69195
示	69155
答	69059
鬼	69044
司	68969
态	68955
足	68750
铁	68685
科	68452
类	68202
论	68142
货	68068
富	68029
往	68023
裤	68018
睛	67973
健	67697
虽	67616
支	67598
旅	67522
传	67482
爆	67300
播	67249
傻	67190
历	66846
资	66837
尽	66744
撒	66525
至	66371
呜	66258
冬	66043
板	66006
默	65796
跳	65489
2	65486
刷	65451
未	65134
药	64997
烧	64688
吓	64677
晒	64673
程	64622
急	64600
款	64565
制	64397
团	64277
凉	63700
厌	63688
英	63668
院	63525
宿	63495
取	63340
迎	63235
存	62968
婆	62919
夏	62875
达	62728
1	62660
负	62576
汉	62499
式	62431
拜	61966
丽	61867
压	61698
抢	61696
牌	61621
景	61485
冒	61474
（	61206
况	61068
赛	61010
呐	60854
泡	60795
技	60667
娘	60571
闹	60119
庆	60055
由	59816
断	59739
怀	59300
诶	59193
善	59169
素	59100
玺	58939
疯	58775
困	58763
与	58757
使	58687
集	58601
抓	58551
纯	58073
功	57979
龙	57954
叔	57699
将	57571
懒	57496
街	57393
惊	57310
淡	57272
版	57219
速	57063
战	56987
及	56760
博	56587
秋	56510
尔	56497
熬	56393
肚	56312
商	56206
3	56061
护	56042
丢	55906
词	55867
退	55830
杯	55787
巧	55634
克	55589
术	55417
喔	55402
微	55400
华	55258
细	55097
遍	55053
露	54912
瓜	54899
介	54724
落	54714
码	54713
=	54567
破	54366
5	54130
康	53844
晓	53672
优	53570
概	53238
耍	53121
标	52815
组	52765
姑	52754
云	52599
酸	52476
糖	52348
）	52258
贴	52156
料	52066
舒	51843
眠	51817
烤	51539
独	51507
群	50879
验	50818
招	50767
江	50737
蛮	50639
形	50470
蓝	50389
荐	50222
烊	50167
社	50130
呆	50086
楚	49921
却	49885
士	49805
绿	49802
怜	49738
缺	49576
义	49553
吹	49502
左	49435
吐	49426
娃	49417
造	49255
查	49137
饼	49136
闲	49129
耳	49126
效	49073
汤	48992
笔	48936
贝	48849
器	48778
借	48733
充	48691
伙	48625
辈	48594
建	48573
灵	48448
模	48407
右	48323
顾	48319
季	48313
伴	48292
极	48235
瞎	48137
貌	47976
元	47809
九	47676
10	47632
缘	47610
妆	47440
互	47435
良	47414
乎	47363
圆	47253
奖	47177
趣	46942
虑	46798
呦	46771
血	46619
脱	46130
逛	45942
座	45847
松	45845
签	45792
刘	45523
瓶	45515
暴	45448
顶	45322
顿	44957
预	44831
环	44631
悲	44546
助	44520
聚	44496
彩	44285
林	44192
架	44182
敬	44109
立	44091
军	44082
宜	43997
搭	43979
择	43942
园	43903
围	43826
刻	43780
救	43667
激	43659
严	43657
珍	43541
爷	43504
递	43483
评	43476
吸	43463
晕	43309
折	43277
嗨	43220
德	43196
材	43032
举	43013
豪	42911
导	42865
呼	42856
酷	42754
莫	42725
设	42713
键	42695
屏	42625
研	42548
软	42398
纪	42299
6	42128
杀	41831
具	41814
姨	41776
产	41693
灯	41685
担	41474
坑	41463
炸	41448
肤	41393
狂	41317
泪	41271
饱	41209
冲	41098
啧	41092
印	41084
毒	41044
晨	41035
武	40954
沙	40950
塞	40926
扎	40925
穷	40924
置	40874
霸	40852
恨	40832
喊	40796
舞	40773
盘	40666
密	40573
咬	40558
恐	40541
某	40519
尝	40458
领	40336
防	40300
散	40163
蜜	40065
耶	40009
奔	39892
胸	39653
承	39580
糕	39417
误	39382
众	39375
止	39330
袋	39305
愉	39253
状	39249
惨	39160
嫌	39052
响	39038
赢	38933
挑	38859
零	38762
碗	38731
喂	38607
4	38581
普	38542
划	38467
私	38441
弱	38384
波	38319
刀	38209
虚	38194
控	38158
醉	38110
戴	38054
据	38029
痘	37964
参	37869
鲜	37857
厚	37770
冻	37764
布	37706
局	37659
胡	37646
录	37561
母	37529
爸	37450
碰	37339
20	37240
共	37213
湖	37096
寄	37095
输	37005
警	36943
堂	36934
盖	36896
熊	36842
羊	36841
依	36693
河	36661
迟	36626
孤	36451
秒	36448
另	36401
仔	36385
箱	36364
境	36341
逗	36320
志	36235
粗	36104
藏	36102
暑	36064
忆	36042
吵	36002
卷	35957
炒	35919
纠	35917
按	35909
省	35839
聪	35705
宁	35526
澡	35473
属	35469
限	35469
漫	35449
搜	35441
免	35418
尬	35413
务	35341
桃	35255
异	35211
稳	35139
致	35119
闻	35009
屁	34957
鹿	34938
鸟	34905
碎	34904
李	34827
夫	34820
束	34795
购	34785
邮	34753
悔	34728
击	34711
否	34708
绍	34706
慰	34615
馆	34590
肿	34571
农	34497
搬	34495
裙	34424
7	34387
煮	34312
石	34307
宵	34277
升	34187
粉	34169
酱	34147
兄	34129
磨	34056
妒	34035
斗	34026
欺	33990
劲	33962
拼	33863
职	33809
暗	33622
咖	33589
吼	33575
旁	33550
吖	33468
释	33421
爬	33416
硬	33414
训	33381
吉	33358
羞	33322
兔	33285
8	33187
闭	33175
责	33152
乡	33063
投	33032
议	32925
躺	32786
》	32744
略	32530
赚	32521
租	32496
官	32397
拒	32377
勇	32364
杂	32316
拖	32296
摔	32223
虾	32119
嫉	32081
骑	31973
混	31920
透	31914
渣	31897
父	31874
曾	31850
眉	31827
惯	31766
付	31764
桌	31733
古	31640
沉	31632
《	31618
户	31609
拔	31484
奏	31431
鼻	31405
腰	31381
窝	31335
魔	31318
归	30895
争	30876
删	30866
究	30832
嫁	30713
巨	30680
灰	30676
端	30644
树	30524
摄	30440
甲	30384
颗	30328
恶	30321
寒	30317
称	30195
岛	30181
疑	30057
剩	29829
旧	29821
偏	29744
嘞	29735
虐	29719
染	29660
统	29625
层	29591
斯	29494
治	29467
源	29366
柔	29282
降	29237
展	29187
育	29157
尴	28899
隔	28893
诗	28892
银	28806
粮	28604
韩	28579
阴	28564
即	28501
丝	28460
引	28373
胃	28330
堆	28309
圣	28214
纹	28185
败	28155
骨	28144
净	28120
村	28106
傲	28076
尼	28000
苹	27795
劳	27754
妇	27726
享	27721
攻	27716
洋	27707
臭	27697
鼓	27693
兰	27692
驾	27681
曲	27618
卫	27607
势	27497
垃	27495
+	27494
童	27438
盆	27391
圾	27382
案	27377
飘	27353
幕	27180
摆	27179
蟹	27125
既	27119
民	27044
啡	26981
佳	26896
秘	26789
针	26706
诚	26703
凯	26670
野	26630
盒	26566
挂	26449
忧	26409
溜	26397
鸭	26265
拥	26253
规	26201
撑	26185
替	26151
闷	26134
测	26058
烟	26052
维	26041
娜	26004
闪	26001
俺	25875
谅	25823
欧	25762
奋	25756
屋	25644
唯	25638
腻	25579
妞	25512
脏	25465
丰	25465
紫	25426
寝	25409
废	25396
呃	25327
惹	25298
:	25205
喵	25183
棉	25164
12	25099
苏	25033
尾	24989
贼	24884
狠	24860
蹭	24744
撩	24719
朵	24714
检	24692
帽	24670
尊	24592
耐	24553
宠	24532
迪	24521
30	24494
噗	24488
膜	24458
赏	24407
编	24324
佛	24314
串	24259
险	24232
载	24132
瑟	24116
握	24086
察	24045
饺	23983
奥	23969
湿	23967
陈	23947
嘎	23935
泰	23908
杰	23903
凑	23895
妖	23860
际	23804
荣	23748
胜	23729
龄	23674
亚	23639
励	23487
伦	23452
弹	23430
托	23337
嘤	23326
营	23230
泳	23186
谓	23116
守	23057
厕	22990
杨	22978
糊	22946
齐	22887
阵	22871
炼	22869
9	22859
谦	22820
麦	22788
附	22769
欣	22744
矮	22732
忽	22681
墙	22670
雷	22654
址	22645
扫	22604
戒	22582
叶	22406
寂	22367
娇	22361
积	22310
财	22308
莲	22304
烫	22245
涂	22218
ok	22177
滋	22147
巾	22122
距	22100
郁	22069
薄	21988
11	21952
范	21914
p	21814
创	21810
列	21806
封	21667
饮	21643
残	21617
夹	21596
暂	21573
0	21556
敌	21553
催	21522
虎	21509
鼠	21493
典	21483
厨	21462
辑	21447
抖	21445
圳	21422
遗	21383
寞	21313
川	21309
逃	21254
猴	21237
途	21233
掌	21212
罗	21192
歉	21163
厦	21158
萝	21158
挤	21156
订	21139
君	21110
艾	21108
隐	21064
洞	21046
窗	21021
晗	20979
临	20974
率	20968
喽	20881
腾	20866
玉	20842
洒	20824
佩	20750
汗	20736
捞	20684
锁	20623
则	20564
仅	20544
欲	20527
委	20506
勒	20459
滑	20441
怖	20380
100	20374
壳	20291
杭	20263
摩	20251
袖	20232
雅	20181
威	20166
悄	20104
扔	20082
诞	19971
脖	19919
咧	19902
稍	19896
挣	19856
愁	19851
蚊	19783
胆	19744
捏	19716
权	19709
虫	19690
撞	19672
拾	19653
肠	19569
欠	19495
肌	19491
卦	19330
章	19299
嗷	19298
桑	19241
批	19235
跪	19227
增	19143
屈	19122
派	19111
扰	19055
椒	19054
症	19028
咳	19012
珠	19011
拆	18945
耀	18819
森	18808
抄	18794
亏	18791
烈	18790
稀	18764
凡	18755
俊	18725
若	18696
丫	18672
扯	18611
魂	18609
扣	18571
帝	18556
捡	18462
彼	18409
朝	18249
犯	18239
页	18156
冠	18077
堵	18002
锻	17992
壮	17947
毁	17942
销	17919
织	17908
船	17900
18	17874
宅	17848
咸	17818
凶	17774
敏	17728
凌	17720
寻	17676
谐	17654
移	17652
馀	17648
榴	17636
航	17631
悠	17599
峰	17546
槽	17537
奈	17484
脾	17476
沟	17459
恼	17406
迫	17384
项	17379
闺	17371
瞬	17355
妙	17350
震	17344
潮	17322
触	17305
幼	17302
史	17272
胎	17243
壁	17243
探	17235
绒	17208
爪	17192
挡	17191
铺	17190
档	17186
腐	17183
艳	17156
妥	17103
宣	17085
—	17065
甚	17055
骄	17043
齿	17013
桶	16961
佬	16947
雄	16937
勤	16933
洁	16916
笨	16883
挖	16878
憋	16865
桥	16842
嫩	16816
族	16815
蒙	16807
狼	16799
逸	16780
尚	16706
截	16684
昂	16667
焦	16661
宫	16624
踢	16544
采	16357
党	16330
勉	16275
雾	16241
勾	16230
嘉	16224
赖	16220
占	16174
潇	16170
吻	16137
""""	16131
培	16125
宽	16117
伞	16099
索	16042
蠢	16016
砸	16014
粥	15960
绪	15956
炫	15951
崩	15949
媳	15937
律	15918
申	15909
宇	15892
醋	15880
庭	15879
梅	15837
娶	15786
炮	15779
煎	15777
姿	15716
羽	15705
15	15600
辞	15591
魅	15572
皇	15555
尤	15530
趟	15514
俗	15494
篮	15481
泥	15396
灭	15376
晴	15338
淋	15300
惑	15240
柜	15173
凭	15128
肩	15050
刺	15016
钻	14981
避	14967
抹	14964
绩	14958
济	14952
厅	14948
墨	14943
危	14919
憾	14918
糟	14906
鹅	14892
枪	14889
•	14863
脆	14856
帖	14855
曼	14841
逆	14814
躁	14811
田	14765
慌	14732
咪	14728
番	14726
钢	14679
扬	14679
悟	14664
诱	14578
兵	14504
纳	14472
噶	14453
售	14450
含	14426
乌	14417
爹	14394
躲	14368
汁	14340
篇	14299
抬	14205
旦	14155
池	14149
遥	14134
尖	14124
痴	14095
润	14079
趁	14074
幻	14062
陌	14049
咦	14025
汪	14022
卧	13999
姓	13982
镇	13972
歪	13970
副	13936
夕	13892
刮	13866
禁	13849
牵	13809
揍	13801
启	13792
侠	13766
袜	13750
判	13748
供	13713
浮	13673
撸	13670
弯	13666
菇	13611
伟	13600
郑	13596
悉	13566
狮	13561
芒	13531
挨	13508
仇	13489
返	13482
蝎	13475
登	13450
90	13436
摇	13429
砖	13414
符	13398
津	13384
攒	13357
腹	13346
污	13330
怒	13314
踩	13258
捉	13227
泉	13226
侣	13200
涨	13195
络	13178
迹	13150
唧	13150
call	13134
浓	13112
令	13101
核	13087
薯	13055
t	12992
蒸	12960
瘾	12950
捧	12936
琴	12924
盐	12915
凤	12892
啤	12891
咔	12883
缓	12871
粑	12821
甩	12821
`	12799
彤	12779
樱	12771
16	12768
诺	12764
茫	12763
遮	12731
妻	12731
获	12723
浅	12722
敲	12708
傅	12679
仿	12657
卸	12617
丧	12583
阔	12550
怨	12548
蛙	12486
洲	12486
旺	12439
例	12418
挥	12365
葩	12334
猛	12323
祖	12250
袭	12242
娱	12236
漏	12196
彻	12172
踏	12129
毫	12121
50	12105
遭	12092
萨	12020
馋	12014
盗	12001
慨	11997
橙	11983
卜	11982
唇	11939
孔	11926
罩	11919
霜	11909
罚	11894
瞧	11871
霉	11871
访	11817
谷	11807
抗	11806
呸	11796
鄙	11790
孙	11761
抛	11756
盛	11688
倍	11670
蹲	11633
侧	11596
胶	11568
撕	11561
延	11554
罢	11536
横	11530
辩	11516
频	11514
叹	11482
征	11480
垫	11474
唐	11464
嘟	11440
丁	11438
25	11434
惠	11400
摊	11388
愧	11378
允	11357
梯	11342
衬	11339
淘	11279
怂	11260
潜	11258
扇	11247
哄	11247
厂	11191
睁	11188
痒	11173
跨	11167
24	11136
璃	11129
繁	11126
歇	11094
丹	11065
衫	11049
葱	11039
橘	11037
轨	11005
政	10997
蜂	10991
链	10973
⋯	10941
裁	10913
扭	10910
蛇	10896
昌	10893
榜	10887
陆	10847
幂	10839
玻	10831
膏	10807
尘	10805
薛	10763
艰	10763
邪	10743
恢	10733
粽	10725
寿	10713
译	10712
晃	10708
菲	10707
滤	10703
嘲	10686
绵	10684
惧	10675
宾	10671
【	10663
啃	10623
甘	10598
邀	10593
罐	10593
辆	10585
矫	10583
疆	10580
仁	10579
哀	10537
/	10519
岂	10515
沈	10511
阶	10498
贤	10490
扑	10447
；	10445
啵	10444
扮	10435
悦	10418
尸	10392
综	10370
溃	10362
审	10356
港	10337
梗	10320
耗	10313
霾	10312
祥	10278
怼	10266
阅	10254
旗	10252
茄	10240
翅	10235
逻	10210
蹦	10208
瞅	10202
芝	10193
施	10187
烂	10187
吴	10179
琐	10169
徒	10167
妳	10163
驳	10152
劝	10136
执	10116
粘	10106
趴	10076
谣	10038
幽	10020
企	10002
犹	9997
固	9992
寸	9961
荷	9945
龟	9935
耻	9894
竹	9889
赵	9888
堡	9882
绕	9877
膀	9825
40	9794
涛	9786
搓	9742
滨	9734
莉	9724
荡	9720
噜	9715
乔	9694
盼	9688
坦	9671
舔	9668
映	9656
慧	9649
昕	9617
贺	9611
液	9607
棍	9595
堪	9567
割	9559
迈	9554
缩	9554
伪	9529
宗	9522
汽	9509
秃	9504
渐	9496
摘	9468
沾	9464
妮	9457
燕	9457
涵	9439
序	9417
昆	9414
a	9386
锋	9385
盾	9385
17	9382
13	9361
666	9350
盲	9343
梨	9310
抑	9305
塔	9305
拳	9296
笼	9296
监	9272
玫	9266
昏	9255
葡	9169
疗	9151
献	9123
兜	9097
嫂	9096
尺	9066
庄	9065
200	9045
脂	9036
80	9035
舌	9033
杠	9028
敷	9016
捂	8980
靓	8976
畅	8972
##0	8959
玛	8941
饰	8905
缝	8902
晶	8900
纱	8899
萄	8898
衡	8878
丸	8871
颖	8868
恍	8855
添	8849
桂	8847
倾	8845
猥	8828
锦	8824
损	8819
谊	8786
噻	8785
填	8784
埋	8767
嗓	8761
伸	8748
荒	8739
k	8716
兽	8714
睫	8710
碧	8710
剑	8637
唤	8616
阻	8615
嘘	8586
瑰	8552
郎	8537
匆	8536
奢	8511
枣	8502
瓣	8495
述	8471
乘	8467
拌	8462
哩	8461
22	8449
愤	8447
忌	8440
益	8439
翘	8437
裹	8436
泄	8427
亿	8426
辜	8413
乃	8401
披	8393
祸	8391
虹	8371
蔽	8334
鲁	8331
贪	8313
赌	8274
咒	8236
坤	8227
砍	8222
塑	8205
谎	8193
媒	8192
驴	8177
描	8171
n	8145
框	8145
岗	8145
28	8134
昧	8126
盯	8117
x	8116
芦	8109
抠	8096
炉	8094
芳	8090
14	8084
拐	8063
瑶	8061
姗	8059
膝	8057
祈	8056
循	8044
漠	8043
策	8037
薇	8029
喃	8022
翔	8020
植	8008
融	8007
洛	8004
贫	8003
泼	7993
惚	7959
233	7957
涩	7952
稿	7951
井	7937
县	7929
均	7883
迅	7875
囧	7856
犬	7846
蕉	7844
抵	7827
掏	7817
叉	7793
扶	7786
坡	7778
渴	7767
##3	7766
戚	7750
苍	7708
矛	7700
澳	7694
馒	7693
馅	7680
c	7647
朗	7643
q	7642
析	7628
21	7620
d	7616
粒	7591
绳	7584
匙	7570
黎	7569
豫	7564
域	7563
卑	7562
羯	7548
蝶	7539
帐	7537
仪	7516
筒	7512
恰	7510
姥	7478
括	7465
钥	7448
届	7435
库	7430
陷	7429
铃	7429
愚	7412
枝	7383
浇	7367
噩	7364
啾	7355
竞	7353
韬	7336
徐	7328
哲	7325
仰	7301
浴	7281
枕	7263
⊙	7260
姻	7257
剃	7248
瑞	7246
胳	7244
氛	7236
涯	7231
淇	7226
卤	7220
询	7203
膊	7199
肝	7193
辱	7187
赠	7176
鉴	7175
协	7170
稚	7167
臂	7161
削	7152
腊	7135
23	7128
袄	7120
婷	7112
】	7109
炖	7107
19	7103
蒜	7081
揉	7074
绑	7071
唠	7068
嗦	7067
赔	7065
蹄	7062
旋	7039
跃	7036
拯	7035
挽	7033
宙	7024
皂	7016
浑	7010
s	7003
肃	6991
卓	6990
燃	6973
授	6971
00	6943
潘	6941
邻	6909
佑	6908
犀	6893
股	6889
剁	6886
岳	6883
秤	6860
愈	6827
隆	6819
v	6778
扛	6765
伊	6740
崽	6737
＂	6729
颠	6711
浆	6695
踪	6690
劈	6682
柠	6671
苗	6668
逢	6649
裂	6619
26	6598
讽	6594
汇	6589
拦	6558
偿	6557
殊	6554
详	6549
厘	6548
夺	6533
##33	6516
勿	6515
灿	6514
韵	6497
狱	6495
泽	6493
浙	6493
恒	6491
凰	6486
菠	6481
##5	6476
枚	6474
柿	6463
聘	6451
碍	6427
芋	6422
朱	6417
缠	6402
肾	6392
姜	6389
60	6383
痕	6377
柴	6362
召	6358
押	6339
靴	6336
馨	6321
恺	6305
姆	6299
耽	6296
吞	6284
纵	6255
2018	6255
歹	6233
滩	6217
辅	6207
剥	6202
肺	6192
壶	6186
##8	6179
弥	6177
谱	6173
斑	6164
宋	6156
璐	6151
孽	6148
钓	6141
杆	6129
柏	6128
违	6122
掩	6114
檬	6089
岸	6077
蜡	6066
昊	6058
馍	6058
ps	6050
伍	6045
螃	6026
仍	6018
%	6008
凳	6007
啪	5994
500	5994
筋	5981
祷	5957
障	5947
舅	5925
琪	5924
孝	5911
瓦	5903
魏	5899
狐	5891
础	5885
寨	5882
遛	5882
莱	5866
煤	5835
蔬	5834
m	5821
盟	5800
兮	5798
酿	5790
坎	5787
册	5773
300	5772
忠	5769
瑜	5743
账	5715
酥	5689
叨	5683
120	5675
崇	5671
鹏	5669
淑	5651
掐	5645
席	5637
锤	5636
l	5628
揭	5603
「	5603
郭	5601
亦	5596
歧	5589
」	5588
27	5584
霍	5583
芽	5567
媚	5563
99	5554
僵	5545
悬	5539
熏	5532
棚	5512
仗	5493
180	5485
玲	5483
鸽	5459
猎	5453
喉	5447
煲	5424
撤	5423
赋	5409
契	5406
##1	5402
磕	5394
拨	5378
慎	5361
坨	5358
汕	5351
粤	5335
胀	5332
剂	5310
屑	5302
暧	5295
椅	5292
塌	5284
朕	5280
炎	5276
赐	5273
巡	5270
##s	5269
扒	5263
梁	5260
冤	5237
鸣	5237
币	5235
浩	5232
辫	5230
b	5225
渡	5222
轰	5202
衰	5192
燥	5188
##6	5174
螂	5171
捐	5159
驶	5133
棋	5131
彦	5127
朴	5123
芯	5114
援	5110
##9	5105
杜	5105
俱	5104
##h	5102
御	5100
铜	5094
构	5085
梳	5085
闯	5082
碌	5082
侈	5074
遵	5073
倩	5069
翰	5065
灏	5055
泣	5053
灌	5048
氧	5046
湾	5040
咨	5032
伯	5029
硕	5023
皆	5022
70	5012
螺	5011
劫	5011
拽	5010
蝴	5003
柚	4985
1000	4985
塘	4983
逐	4978
幅	4974
墓	4969
珊	4969
毅	4957
谨	4952
蹈	4950
辟	4946
##4	4941
##55	4933
雀	4911
妃	4910
誓	4909
饥	4893
蟑	4892
匹	4880
叭	4868
刹	4867
掰	4867
贡	4857
葫	4851
椰	4848
蘑	4843
绣	4837
矿	4835
叮	4829
钉	4819
咕	4811
肪	4810
仨	4802
芙	4796
柳	4794
琳	4768
毯	4757
楷	4753
瞌	4746
畏	4736
29	4736
蔡	4732
哑	4732
汰	4725
寡	4714
诅	4702
h	4701
嗝	4685
##g	4667
揪	4664
丈	4663
哗	4659
猝	4657
*	4653
逮	4634
赤	4631
吾	4621
胞	4618
痣	4607
ta	4606
捷	4599
辽	4597
勺	4585
伽	4582
泛	4577
鑫	4572
霞	4572
o	4571
蕾	4571
粹	4568
鞭	4568
逝	4551
喇	4543
扁	4540
帆	4535
臣	4523
狸	4512
秦	4505
怡	4504
555	4504
##2	4486
蜀	4477
筑	4469
寺	4451
翼	4448
徽	4439
伏	4435
嗒	4420
挠	4413
捕	4395
督	4387
肆	4378
菌	4368
帘	4358
伐	4347
庙	4345
牢	4340
奉	4337
枉	4334
陶	4324
乏	4320
轩	4316
锡	4316
券	4306
##p	4302
陀	4300
懵	4299
箭	4296
仓	4294
栏	4291
贾	4285
咙	4280
疲	4269
擦	4263
曝	4262
陋	4260
饶	4256
挫	4246
棵	4240
坊	4231
皱	4228
奴	4222
叼	4217
亡	4199
莎	4196
莓	4195
抚	4188
150	4188
予	4184
叽	4181
叠	4159
蓉	4156
侮	4152
罕	4131
寓	4127
巷	4125
晰	4123
邓	4121
婉	4110
瓷	4107
豹	4106
巅	4100
栗	4093
蛛	4089
忒	4088
促	4087
55	4087
沫	4083
沧	4081
溪	4078
驱	4077
览	4074
z	4073
嗽	4068
舰	4066
斜	4061
雕	4044
沦	4043
咚	4042
叛	4034
措	4029
嗑	4029
惭	4027
呛	4015
辰	4013
杏	4012
葛	4003
糙	3998
韭	3992
诸	3971
旬	3967
践	3957
筷	3954
蚁	3942
慈	3932
缸	3931
嘚	3929
坛	3929
垮	3924
矜	3924
拟	3923
浦	3898
170	3887
侄	3885
廷	3881
滚	3876
蚂	3856
楠	3850
谋	3845
奕	3838
莹	3832
榨	3829
馈	3829
栋	3823
籍	3815
110	3814
袁	3813
晋	3810
喘	3808
磁	3801
蓄	3793
u	3791
瞒	3781
碟	3764
id	3763
捣	3758
惬	3756
芬	3752
赫	3750
凄	3747
患	3737
振	3736
迁	3734
2017	3731
砂	3721
宴	3720
革	3720
糯	3718
95	3713
婶	3710
径	3707
嚯	3700
→	3699
丘	3699
瘩	3697
辨	3687
俄	3682
粪	3681
债	3677
滥	3673
##66	3672
漆	3660
丞	3658
疙	3655
辉	3653
蜘	3642
疏	3639
惦	3629
洪	3612
矩	3603
嚼	3602
400	3598
甄	3593
棕	3592
兼	3592
衷	3581
宰	3577
疤	3572
160	3567
苟	3565
壕	3564
巢	3550
彭	3540
烛	3539
瘫	3536
腥	3529
携	3519
凹	3518
铭	3514
翠	3511
伺	3511
膨	3504
庸	3495
讶	3494
碳	3487
岩	3484
驼	3482
咽	3479
衍	3469
##7	3465
纺	3456
搁	3451
坟	3450
婴	3443
郊	3437
堕	3436
牲	3430
豁	3420
亭	3417
雯	3417
6s	3413
薪	3410
牺	3403
淹	3394
擅	3381
囊	3380
g	3378
肖	3374
囤	3372
沿	3369
著	3364
鲸	3363
驻	3359
盈	3359
奚	3357
35	3355
媛	3352
藕	3351
宏	3341
烨	3337
猩	3335
傍	3330
兑	3330
岭	3327
悍	3326
吱	3314
绘	3305
520	3301
38	3294
2000	3293
垂	3291
磊	3269
筝	3268
敦	3267
▽	3267
45	3261
鲤	3261
．	3249
讪	3243
貂	3237
嚣	3237
弊	3236
篷	3232
诀	3230
腮	3226
髦	3209
跌	3208
玮	3204
愣	3204
氏	3203
癖	3195
纷	3194
驰	3192
憨	3189
搅	3174
黏	3171
惩	3168
淀	3163
匀	3161
哉	3160
鹤	3157
>	3157
澄	3155
陕	3155
88	3153
黍	3148
旭	3146
屯	3145
琢	3143
涕	3142
喻	3141
蝉	3134
锐	3134
诈	3126
铅	3117
胁	3116
柱	3103
侃	3101
玄	3097
癌	3077
##d	3072
埃	3052
摁	3050
踹	3048
怅	3045
馄	3041
贸	3037
涌	3034
荔	3029
撇	3029
煽	3017
800	3012
颓	2999
跤	2992
凝	2988
央	2988
happy	2973
廉	2973
31	2971
耿	2968
僧	2967
兆	2964
蜗	2963
莞	2962
啰	2960
械	2953
man	2953
侯	2936
茜	2932
彬	2932
彪	2929
霓	2929
枯	2918
屿	2913
厢	2910
恕	2909
蓬	2909
疚	2907
廊	2905
蚕	2902
栈	2897
膘	2892
﹏	2891
靖	2884
柯	2883
tm	2878
呱	2875
脉	2865
4g	2862
嗖	2858
凸	2858
喱	2857
杞	2857
涉	2855
仲	2855
鸦	2853
钙	2851
熄	2842
拧	2839
扩	2838
哆	2830
拎	2830
董	2829
碑	2824
袍	2823
牧	2821
姬	2819
妄	2812
觅	2812
陵	2808
柒	2807
府	2803
坠	2802
腕	2802
饨	2801
芭	2798
腩	2795
嬛	2790
笋	2786
恤	2784
妨	2775
睹	2774
腔	2770
)	2768
俏	2767
峡	2764
惆	2759
驭	2753
沐	2749
32	2747
爵	2738
3000	2734
淮	2730
诡	2729
孟	2724
倔	2724
涮	2716
瑕	2715
桐	2714
##x	2711
勋	2710
╯	2705
敞	2702
菊	2692
98	2690
絮	2680
攀	2676
悴	2676
憔	2671
斩	2670
掘	2665
枸	2664
##t	2664
搂	2656
阁	2655
瞪	2653
鹰	2650
葬	2648
哨	2648
##m	2646
＋	2646
霆	2644
飙	2639
竖	2636
52	2635
##q	2633
揣	2633
蒂	2627
朦	2622
倦	2619
萍	2615
捶	2610
蝇	2610
籽	2608
y	2606
劣	2604
5s	2597
萧	2594
app	2591
讯	2589
熙	2580
漱	2565
mv	2565
嚷	2562
筹	2560
眨	2557
颤	2557
360	2552
昵	2547
欸	2546
墅	2544
侦	2536
舟	2533
鱿	2533
沥	2532
<	2531
嚒	2529
茂	2524
╰	2520
冥	2519
湘	2516
‘	2514
枫	2509
闸	2505
33	2501
纽	2499
浸	2492
mm	2478
栽	2477
猿	2477
贩	2471
逍	2468
妾	2465
蒽	2465
##k	2455
颈	2455
4s	2452
600	2452
36	2451
侵	2445
睿	2442
铲	2440
荤	2434
窄	2432
琦	2422
蘸	2421
颁	2420
姚	2419
j	2416
黛	2412
溢	2405
狡	2404
曦	2404
胧	2402
趾	2401
荧	2397
泊	2395
吕	2392
嗲	2386
谜	2386
搏	2383
\	2368
冯	2366
剔	2364
钩	2356
娟	2356
贯	2354
渔	2341
弦	2338
茬	2335
挚	2329
’	2328
鲨	2321
惫	2319
誉	2314
vip	2311
哔	2308
豚	2301
cp	2297
瞄	2285
窦	2281
77	2280
3d	2278
摧	2276
曹	2276
纤	2269
168	2266
贬	2262
稻	2262
余	2260
魄	2259
唷	2252
##cm	2252
轴	2247
炭	2244
诊	2240
鳖	2236
烘	2234
f	2233
挪	2225
48	2225
碾	2221
撼	2219
杉	2217
挞	2213
眷	2207
顽	2201
2013	2200
悚	2198
穆	2197
廖	2196
匪	2196
衩	2190
骁	2190
掀	2174
甥	2172
ktv	2168
臀	2161
xx	2160
庞	2157
卿	2154
笛	2154
剖	2153
112	2146
##86	2145
岚	2144
窜	2143
俞	2141
抒	2138
╭	2137
呕	2136
盔	2131
酝	2123
恳	2111
捅	2106
癫	2096
乍	2093
泸	2088
－	2085
唬	2083
诋	2083
tt	2074
荆	2071
101	2068
敛	2062
晏	2055
no	2050
渺	2049
矣	2049
175	2049
拱	2044
嚎	2040
渠	2037
旷	2034
5000	2024
乒	2022
130	2018
╮	2002
俯	2001
苑	1992
浏	1987
窍	1983
沒	1983
禅	1982
麼	1981
荟	1976
踝	1973
焖	1973
琼	1971
腌	1968
暮	1961
煞	1960
°	1958
韶	1948
疾	1946
這	1945
am	1945
颂	1944
晾	1943
|	1938
2012	1938
巫	1938
捎	1935
妍	1932
芹	1931
裕	1925
崔	1924
##kg	1923
邦	1917
ppt	1909
94	1907
芥	1905
岔	1903
＝	1901
澜	1901
坝	1900
橡	1900
藤	1891
舱	1889
￣	1888
##l	1887
85	1887
夷	1880
個	1880
殖	1880
茉	1878
窒	1877
俪	1872
储	1864
140	1862
绊	1862
渊	1859
噪	1859
##11	1856
潭	1856
37	1852
棠	1852
39	1848
谴	1848
乓	1846
酬	1843
赴	1843
吟	1841
捆	1837
颇	1835
91	1833
鸿	1831
鸳	1828
雇	1827
饲	1825
拙	1822
钝	1821
窥	1819
昭	1816
啷	1813
鸯	1812
坷	1804
##w	1803
吨	1800
乞	1798
##a	1798
96	1796
茅	1792
菩	1791
忑	1790
艇	1790
袱	1790
茸	1787
铂	1787
忐	1784
贞	1782
酌	1775
卢	1770
拓	1762
楞	1760
53	1757
斌	1752
92	1749
玥	1746
绅	1738
蒋	1738
肘	1737
毙	1736
俭	1730
霖	1729
沃	1727
褪	1725
殿	1723
佐	1723
脐	1720
97	1717
琅	1714
箍	1713
鳄	1712
纲	1707
帕	1702
吭	1701
999	1697
蹬	1695
54	1694
165	1689
3g	1689
僻	1687
蛀	1685
雹	1678
嫣	1673
2016	1668
锈	1668
梓	1666
蚝	1665
溺	1661
兹	1661
楂	1659
辙	1659
漾	1657
##90	1654
孜	1648
璇	1647
脊	1644
揽	1642
刨	1641
勃	1640
斥	1636
昼	1634
拘	1633
翁	1631
湛	1624
酵	1622
嬷	1622
谭	1620
噎	1619
斋	1613
芜	1607
徘	1607
qq	1606
徊	1605
42	1604
蝙	1603
惰	1600
梭	1599
##y	1594
哮	1593
蔑	1593
來	1592
赘	1591
蝠	1585
會	1583
祭	1582
镖	1582
茹	1581
镯	1579
遣	1570
亨	1567
鼎	1564
亢	1561
鞠	1553
158	1553
株	1550
##17	1548
囚	1546
崖	1546
呲	1545
叙	1544
惶	1543
厄	1541
邋	1537
沽	1532
蛾	1530
崴	1529
鳗	1525
呈	1519
拴	1518
丐	1516
66	1514
cd	1513
嗡	1513
牡	1507
豌	1507
雁	1506
沸	1505
丛	1500
桩	1493
嘀	1489
狒	1486
沛	1486
2014	1484
＾	1483
褶	1482
绎	1482
栓	1479
詹	1473
##r	1472
噫	1471
钞	1469
plus	1467
灶	1467
1500	1466
##00	1463
掺	1459
萱	1458
酪	1457
竿	1455
弗	1454
麽	1452
遢	1449
匠	1445
苔	1442
還	1438
昔	1435
沁	1433
12000	1433
93	1431
說	1431
焉	1428
裆	1425
邂	1425
狭	1423
柄	1419
逅	1419
250	1416
筐	1413
犊	1412
℃	1411
痞	1411
澈	1411
365	1410
漳	1409
羁	1409
坪	1408
倪	1406
墩	1405
沪	1399
琊	1391
麟	1388
纫	1386
08	1386
磅	1386
75	1386
骆	1385
2015	1385
4000	1382
庚	1378
瓢	1375
e	1373
嚓	1372
朽	1370
磋	1368
犒	1365
逊	1361
##c	1361
懈	1360
屠	1358
疵	1357
弓	1353
槟	1352
旱	1347
咆	1343
笙	1337
##88	1333
咿	1330
缚	1330
芸	1327
34	1327
懦	1321
氪	1321
婧	1303
i	1302
婿	1302
蔓	1301
199	1301
嵩	1300
庐	1298
函	1297
苞	1296
65	1294
ω	1293
58	1292
溶	1290
185	1289
棱	1289
漓	1287
tv	1287
r	1286
萎	1281
恬	1281
珂	1279
肋	1279
＜	1278
锯	1276
髓	1276
撮	1273
遂	1272
##68	1270
←	1266
疮	1260
闽	1259
毋	1254
w	1254
咻	1254
聋	1253
翩	1252
侍	1252
檀	1249
峨	1248
桔	1247
杖	1244
眸	1244
700	1240
鲍	1239
鸥	1238
惺	1237
刊	1235
铛	1233
樾	1231
苇	1230
178	1230
役	1229
##j	1220
锣	1220
煌	1217
窟	1216
p2	1214
1988	1213
拢	1211
甭	1209
梧	1207
蒲	1203
mac	1203
褒	1200
猬	1198
擀	1191
淳	1191
谬	1189
##fc	1189
缕	1189
滞	1183
過	1182
躯	1182
绯	1178
89	1178
43	1176
彰	1175
wifi	1175
隙	1174
弧	1168
128	1164
155	1161
蛆	1155
59	1154
烙	1154
喳	1152
&	1151
蔻	1151
颊	1149
09	1148
03	1148
123	1146
朔	1145
楽	1145
齁	1144
183	1143
72	1143
芈	1141
喏	1141
绽	1141
冉	1139
锥	1138
＞	1138
瘸	1136
娆	1133
沂	1132
蹋	1128
鞍	1126
at	1124
猖	1123
蕊	1120
##31	1117
邱	1113
绷	1113
禽	1111
铝	1109
苛	1108
椿	1106
吆	1106
棺	1105
麒	1103
邹	1101
旨	1101
帧	1100
82	1100
刁	1099
匿	1098
茧	1097
莽	1094
诵	1094
襄	1093
の	1093
隧	1092
钮	1089
烩	1089
;	1088
焕	1088
诠	1087
憬	1084
卅	1080
轿	1080
鹦	1080
嗜	1079
焰	1079
焙	1076
憧	1075
喧	1072
圭	1071
mx	1069
雌	1069
戈	1064
蚌	1061
蜕	1057
鹉	1056
##z	1056
172	1056
槛	1056
炕	1052
##81	1051
畔	1050
07	1049
陛	1049
盏	1047
蜓	1046
逞	1043
窃	1041
撬	1038
霄	1038
潍	1038
##23	1037
衔	1036
蜻	1035
釉	1034
跷	1034
84	1034
渝	1033
♡	1028
拷	1028
51	1022
啸	1019
纶	1019
榆	1015
碉	1015
砰	1014
##05	1013
臊	1013
尹	1012
躬	1012
16g	1009
缆	1008
橱	1007
睦	1006
瀑	1004
衅	1002
梵	1001
斧	1000
腋	996
p10	995
恁	994
隶	994
87	993
稽	993
78	993
埠	989
儒	988
娅	986
##02	986
晦	985
皓	984
嗎	982
伶	980
弘	977
靡	974
乙	973
86	969
殴	967
撅	965
沮	963
寐	963
薏	963
69	962
拣	962
05	961
谍	961
##f	960
肇	960
s8	958
∀	957
糍	957
嗤	954
163	952
152	951
##v	949
and	948
莆	947
钦	945
腆	945
赎	944
痰	942
雏	941
##10	941
缅	941
姊	940
垢	939
熔	938
拭	932
10000	930
霹	930
渤	929
娴	929
痊	927
惮	926
up	925
190	923
榄	920
01	919
jj	919
嘱	919
鳝	917
蔗	917
嗅	917
坞	916
##98	915
飕	915
尧	915
菱	914
糗	914
羨	912
雳	911
禾	911
##25	910
瑚	909
艘	907
赣	905
2g	905
max	904
耕	904
纬	903
栖	902
淤	900
怦	897
灼	896
蕴	895
绞	894
阖	893
琛	892
cc	892
56	891
绰	891
堰	891
＇	890
仕	890
钳	890
匡	887
蹂	885
##u	884
棘	883
樊	883
##n	881
8000	881
62	881
暇	881
##09	880
xxx	879
腼	879
1200	879
邢	879
覺	878
躏	877
ra	877
抨	875
妩	874
腑	873
阜	873
羹	872
恙	871
眶	871
105	870
##32	869
硅	867
滔	865
骏	864
韦	864
刃	863
##19	862
##22	862
舵	862
讹	860
咤	859
61	859
绛	858
6000	857
茨	855
##52	853
澎	853
榕	852
##21	848
隘	848
沓	846
##12	846
吠	845
硫	844
厮	840
涡	840
嘣	840
mvp	840
伱	839
瘤	837
46	837
捋	837
108	834
182	833
47	832
檐	832
裔	832
68	831
琶	831
汐	831
埔	830
49	829
［	827
翡	827
痔	825
履	825
龚	825
屡	823
a4	823
淼	823
冈	821
橄	821
乾	819
樣	816
稠	816
06	816
580	815
怯	813
铠	811
抉	810
##15	810
珑	810
夭	810
溅	809
蛹	809
888	808
211	808
hold	807
##la	807
汹	806
##20	805
6p	805
900	805
翟	805
］	804
辗	804
aa	804
119	803
妲	800
脯	799
渍	799
擎	799
鳞	798
瞩	797
p9	796
##18	796
x2	795
44	794
lz	794
對	792
380	791
188	790
竭	789
珞	788
扳	788
缀	785
佟	782
藻	782
##an	779
it	779
惕	779
135	778
泯	776
gd	776
趋	775
pad	773
柬	772
時	772
睬	771
甸	771
偕	771
瘪	770
惋	770
馊	770
480	769
湃	769
p1	768
##83	768
迢	766
娥	766
邵	765
qa	764
們	763
party	762
咏	761
涅	760
臆	757
唆	755
腚	754
募	754
烹	752
狙	750
邯	749
狈	748
琵	745
摹	743
熨	743
寥	743
咐	743
57	742
蔫	742
褂	740
獒	740
钰	739
︶	738
郸	738
仑	738
680	737
點	736
than	736
suv	735
兢	735
渗	735
×	735
扉	734
俑	731
哧	729
04	729
婕	729
##000	729
饕	728
宥	727
愛	727
81	726
##72	725
##e	725
173	725
##80	724
##95	724
馁	724
谛	723
菁	723
倡	722
聂	720
镶	719
tf	717
唾	715
凋	712
虞	711
羚	711
02	711
鲫	710
so	710
浣	709
拗	709
##63	708
為	708
159	707
汝	705
宛	701
裳	701
烁	700
秩	698
魁	698
淌	697
##plus	697
##99	695
焗	694
220	694
iphone	692
恿	691
41	690
踮	690
贷	689
戾	689
跺	689
悯	686
婺	686
##93	685
350	684
299	684
孃	682
洽	682
曙	682
cry	681
吝	680
71	680
謝	679
淄	678
颐	677
後	675
〒	674
蚓	674
『	673
汀	673
吁	673
俐	673
饵	672
蚯	672
祟	671
阱	671
餮	671
521	670
讳	670
０	669
撵	668
堑	668
ems	667
闫	666
嬉	665
珺	663
焊	663
裱	662
懊	662
丶	662
##79	661
痨	661
簸	660
遁	660
懿	660
sa	659
慵	659
窑	659
蔚	657
醺	656
63	656
』	655
##ml	654
擒	654
現	653
汾	652
狍	651
##65	651
噼	651
覆	651
##km	650
抿	650
炊	650
瘁	648
舜	648
闰	647
##54	646
阮	646
##50	645
壤	645
蓓	645
亩	644
籁	644
筛	644
162	643
胚	643
讚	643
衲	642
蒿	642
67	642
肮	642
谩	640
##37	640
缴	640
醇	639
馥	637
靳	637
犟	637
驯	636
骡	635
侥	635
炜	634
##77	631
102	629
浊	629
缭	628
冕	628
mark	627
扼	627
fm	626
鹑	625
跋	624
虔	624
掖	623
√	623
禄	622
##ry	622
晖	621
##30	621
忏	621
斟	620
镁	619
##60	619
鹌	619
矶	618
倚	617
粱	617
##i	616
孵	615
膳	614
漉	614
辘	614
118	614
md	614
mp3	612
618	612
嘈	611
喀	611
惟	610
t1	610
##999	610
盹	609
抡	609
兀	608
酋	607
##78	607
瘟	607
蝌	607
茵	607
蚪	607
署	607
106	606
肢	603
mu	602
985	602
125	601
399	601
绸	601
186	601
榔	600
卒	599
la	596
葚	596
瑾	596
诛	594
韧	594
･	594
瞥	594
遐	592
歡	592
dj	590
鸵	588
79	586
怠	585
芊	584
彷	584
5d	584
蝈	583
濡	582
問	582
珀	581
280	580
2500	580
铮	579
##61	578
殃	578
##47	577
穗	577
耙	577
凛	576
祺	575
阐	574
1600	574
诬	574
167	573
卉	573
##13	572
％	572
斐	571
堤	570
阑	568
p3	567
垒	567
箫	567
噱	567
薰	567
巩	566
拂	564
禺	564
lv	563
碜	563
1800	562
886	561
榻	561
肓	561
131	561
釜	560
憎	560
璨	559
哐	558
撂	558
茗	557
轧	557
蜥	556
＿	556
76	556
111	553
蚱	552
1300	551
##38	551
缉	550
闵	550
oh	550
讷	549
嘶	549
瀚	548
栅	547
話	547
垦	547
壹	547
◎	547
##89	546
咣	546
喋	546
―	545
≧	545
寰	544
蚤	544
诫	543
洼	543
祛	543
玷	542
丙	542
dd	539
鹭	539
115	539
lu	539
##76	538
8g	538
囡	536
柑	535
≦	535
瞻	535
黯	534
殷	533
蛐	533
诲	532
啬	532
晞	532
聆	531
梢	531
俘	531
旮	529
／	529
##96	529
胯	528
7000	527
哺	526
噔	526
蹉	526
鳅	525
2k	525
83	525
暹	525
yy	524
蚀	524
骷	523
鹊	522
ip	521
711	521
椭	521
啼	521
淆	520
##ay	520
徨	520
嫦	520
龅	519
秧	519
碴	518
high	518
萃	518
饪	518
飚	517
桓	517
502	515
髅	514
實	513
い	512
##mm	512
糠	512
跶	511
疹	510
谤	510
襟	509
羔	508
粿	508
138	508
滕	508
厝	508
car	506
v1	505
犄	505
vs	504
2011	503
##91	503
hr	501
##35	501
給	501
孬	501
娄	500
驹	500
婪	498
ol	498
褥	498
##40	497
##888	497
｀	497
169	497
藿	497
诧	497
潼	496
開	496
巍	494
砌	493
绮	493
##o	493
1g	492
蛊	491
崎	491
篱	491
邃	490
kindle	490
1111	489
弛	489
茁	489
cpu	489
诽	488
耸	488
砺	488
蛰	487
##b	487
lol	487
166	486
雍	486
##92	486
庇	485
郝	484
慷	484
198	483
唏	483
裴	482
121	481
荠	481
婵	480
缪	480
##14	479
挎	479
t2	479
##53	476
涠	475
焚	474
狄	474
dvd	474
109	474
別	472
灸	472
##71	472
暨	472
膛	472
薅	471
靶	470
轲	470
蹿	469
湉	469
恃	469
炙	468
##41	467
禀	466
凿	465
學	464
搽	464
m1	464
187	462
2020	462
181	461
鲲	461
簧	460
琥	460
硌	459
##59	459
羿	459
##28	459
##ks	458
峻	458
崭	458
跆	458
坂	457
鳕	457
##29	456
晩	456
閒	456
104	456
螳	455
猾	455
赃	455
★	454
ad	453
1020	452
泵	452
##57	452
##84	451
pass	451
176	451
缤	451
郫	450
1400	450
枰	450
禹	450
炯	449
##87	449
掠	449
穹	449
cut	448
芷	448
蹊	448
驿	448
陡	447
渲	447
璀	447
##51	446
姣	445
昙	445
##43	445
鬓	444
囉	444
荼	444
蜴	444
觊	443
荫	443
73	443
奠	442
炳	442
觎	442
袅	441
亵	441
##48	440
12306	440
##24	440
oppo	440
脓	439
桨	439
鲅	438
摞	438
##58	438
惇	438
呷	438
蜚	437
##39	437
74	437
##94	437
##42	436
镐	436
##ha	436
ag	435
a7	435
s4	434
##67	434
旯	433
咂	433
膈	432
##70	432
漩	432
尉	432
伢	431
悸	430
ex	430
孺	428
good	428
昀	428
a6	428
淅	428
wow	428
洵	428
秉	427
lucky	427
su	427
榛	426
幌	426
玖	425
##sl	425
苓	425
嬢	424
ha	424
炬	423
32g	423
##97	423
泷	422
臻	422
芍	422
宪	422
枷	422
钗	421
##27	421
##ut	421
pk	420
笃	420
樽	420
##74	419
哏	419
s6	419
跎	419
vpn	419
狰	418
迭	418
]	418
逾	418
庵	418
盎	418
峥	418
發	418
孰	417
裡	417
##45	416
狞	416
莴	416
ss	416
156	415
杵	414
xl	414
179	414
芮	414
唰	413
祎	413
鹃	413
譬	412
莪	412
窖	412
##62	412
锵	412
103	411
佣	411
骤	411
4k	410
皈	410
pp	410
祁	409
me	408
sk	408
佰	408
寇	408
yes	408
湫	407
锄	406
捍	405
秽	405
屹	405
##26	405
174	405
炅	405
798	405
##85	404
_	404
馕	403
##82	401
瞟	401
肴	400
3t	400
3500	399
##69	399
222	399
慑	398
筱	398
π	396
辍	396
噬	396
宕	395
霏	395
450	395
琉	395
窿	394
s7	393
t3	393
550	393
奎	393
315	393
臃	392
冀	391
涝	391
啄	391
惘	391
240	391
256	390
ai	389
hi	389
880	389
︿	388
怔	388
簪	388
箩	387
碱	386
exo	386
998	386
泗	384
禧	384
v9	383
##73	381
f1	381
醪	381
499	381
無	381
暄	381
po	380
黝	380
139	379
∩	379
go	379
哽	378
124	378
椎	377
悼	377
177	377
799	377
嘁	377
818	376
經	376
饬	375
魇	374
蟒	374
犁	373
5g	373
郡	372
3c	372
吩	372
涟	371
๑	370
5t	370
煸	370
萤	369
倘	369
or	368
陨	368
320	368
ab	367
黔	367
298	367
260	367
嵌	367
mc	367
204	366
嗬	365
畴	364
哝	364
777	364
780	364
滇	363
cpa	361
750	361
渭	361
835	359
崂	359
171	358
｡	358
濒	356
157	356
礁	356
☆	355
911	355
抻	355
136	354
荞	354
鬟	353
嘬	353
nb	353
溏	352
氢	352
铐	352
sr	352
114	352
侨	352
绢	351
v5	351
a1	350
岐	350
捯	349
掇	348
阀	347
婢	347
122	347
##34	347
螨	347
pc	346
note	345
##56	345
敖	345
莺	345
胭	345
潦	345
喆	345
遨	343
ps4	343
濮	343
##16	343
660	342
矬	342
帚	341
650	341
1280	340
邑	340
##08	340
燎	340
瘆	338
槐	338
##07	338
昱	337
苕	337
##44	336
迦	335
樟	335
煜	335
瑛	333
黢	333
镀	333
cad	333
599	332
1024	332
漪	332
xz	332
##100	331
阉	331
jack	330
涎	330
轱	330
980	329
钵	329
買	329
x1	328
涤	328
牦	328
豉	327
蝗	327
绉	327
钧	326
##75	326
殉	326
r11	326
廋	326
5c	325
種	325
gay	324
why	324
當	324
１	324
蕃	323
蛎	323
殆	323
ceo	323
噌	322
該	322
娓	322
107	321
牠	320
戟	320
祢	320
os	320
$	320
歆	319
##36	319
舛	319
袒	318
129	318
苒	317
r9	317
hk	317
ios	317
铸	317
酗	317
焯	316
郴	316
pm2	316
渎	315
●	315
绚	315
xp	314
pa	314
day	313
殇	312
皎	312
1999	312
罄	312
應	312
2010	312
134	312
ptt	311
cf	311
2019	311
虏	311
姝	310
sorry	309
9000	309
atm	309
ipad	309
娲	308
珈	308
旻	308
啕	308
嬴	307
沼	307
腱	307
330	307
442	305
〇	304
mix	304
镰	303
衢	303
擂	303
＊	302
嗳	302
寮	302
甫	301
jpg	301
狩	301
dna	301
6g	300
皑	299
曜	299
窘	299
161	299
虱	299
阆	298
a3	298
劵	298
sh	298
猹	298
熠	298
峪	298
##03	297
戛	297
149	297
泻	297
氮	296
dota	296
麓	295
318	295
play	294
幢	294
か	294
璧	294
掷	293
007	293
璞	293
蠛	292
##04	291
葆	291
眺	291
麋	291
氣	291
湄	290
桦	290
##49	290
啫	289
ct	289
毡	289
沱	288
137	288
搀	288
眩	288
矢	288
頭	287
帜	287
赦	287
寅	287
臼	286
##700	286
145	286
稼	286
210	286
瘴	284
砥	284
vans	284
184	284
難	284
剽	282
橇	282
奄	282
920	281
簇	281
1700	281
藐	280
骇	280
jay	280
cr	280
題	280
lp	280
枭	279
幾	279
捺	278
赅	277
て	277
桢	277
捱	276
舀	275
boss	275
x7	275
兩	275
153	275
##46	274
茼	274
荏	274
钊	274
##ny	273
飒	273
##ie	273
5k	273
隍	273
zara	273
top	272
##ss	272
拈	272
骞	271
嗔	271
炽	271
蠕	271
讼	271
見	270
篓	269
耷	268
鲈	268
##06	268
501	268
褐	268
槌	268
##pl	268
阂	268
蜷	267
徕	267
鳌	267
f4	267
logo	266
搪	266
陇	266
岀	266
鲶	265
栾	265
菏	265
扪	265
铉	265
out	264
鼬	264
咫	264
滁	264
贰	263
泱	263
邛	263
叩	263
機	263
圃	262
偎	262
333	262
瓤	261
冶	261
涧	261
彗	261
1100	260
皖	260
512	260
vc	260
俨	260
na	260
牟	260
all	259
酣	259
s3	259
錯	258
126	258
簿	258
﹃	257
撰	257
蜇	257
蟀	257
僚	256
迩	256
ma	255
泾	255
2d	255
v8	255
饽	255
佘	254
皙	253
谧	253
栩	253
▂	253
槿	253
讓	252
關	252
唸	252
fly	252
し	252
ca	252
cx	252
隋	252
缇	251
≥	251
##01	251
媲	251
孑	251
佼	251
殡	251
漯	251
av	251
浃	250
晤	249
戮	249
迂	248
倜	248
sam	248
2800	248
ga	248
say	247
x9	247
gg	247
伎	247
蔼	247
挟	247
镑	247
ed	247
隽	247
宸	247
盂	247
瘠	246
瑙	246
2400	245
貔	245
ph	245
≤	245
岑	245
kk	244
阎	244
236	244
憩	244
傥	244
萦	243
馗	243
970	242
盅	242
栎	242
莘	242
傣	242
mr	241
诣	241
113	241
##boy	240
ヽ	240
粟	240
嵊	240
垚	239
犷	239
cup	239
鄂	239
锢	239
嚐	239
鲵	239
鸢	239
曳	239
仃	239
叟	239
锚	238
卟	237
豇	237
148	237
419	237
篡	237
dc	237
誰	237
镂	237
較	236
咎	236
on	236
翱	236
轶	235
磺	235
203	234
1080	234
gt	234
da	234
骸	234
787	234
試	234
gdp	234
缈	234
褚	233
1997	233
430	233
揩	232
颦	232
涪	231
绥	230
213	230
烯	230
nba	230
窈	229
電	229
230	229
忻	229
匈	229
bug	229
聽	229
ka	229
篆	228
叁	228
體	228
缥	228
s1	228
b6	228
☞	227
婀	227
123456	227
530	226
擤	226
fans	226
2200	226
java	226
tag	225
to	225
砒	225
4d	225
結	225
116	224
蓦	224
fa	224
粕	224
剐	224
溯	224
1900	223
・	223
２	223
請	223
潢	223
眈	223
e3	223
ak	222
碚	222
##ea	222
錢	222
x5	222
認	222
卞	222
720	222
630	221
皿	221
what	221
ie	220
荚	220
151	220
led	220
ff	220
聒	219
cl	219
笈	219
202	219
蟋	219
370	219
搔	218
簋	218
br	218
##ck	218
篝	217
攥	217
晟	217
270	217
颅	217
堃	216
珉	215
熹	215
д	214
pr	214
5cm	214
4500	214
蹩	214
歼	214
悖	213
坯	213
辖	213
拄	212
洙	212
陂	212
す	212
毓	212
310	211
翊	211
怄	211
囱	210
嫑	210
恪	210
囔	209
〃	209
820	209
殄	209
john	209
##mg	209
梆	208
g20	208
du	208
c1	208
154	208
迄	208
3m	208
怵	207
た	207
嬅	207
c2	207
仄	207
锃	207
渚	207
硪	207
な	207
mini	206
耘	206
飓	206
铢	205
徙	205
132	205
249	205
笠	205
rn	205
挝	204
ㄧ	204
醍	204
￥	204
茱	204
he	203
赊	203
祠	203
ε	203
骋	203
rp	203
缰	203
ic	203
糜	203
420	203
愫	202
192	202
垣	202
夯	202
se	201
貅	201
拮	201
##lus	201
箕	201
冽	201
1080p	201
鼾	200
s5	200
nice	200
co	200
醐	200
ac	199
镳	199
彝	199
芃	199
line	199
匣	199
浔	198
850	198
桀	198
車	197
鬣	197
黒	197
膻	197
ko	197
288	197
町	197
930	197
叵	196
勘	196
咀	196
怏	196
uk	196
cm	196
嘭	196
1234	196
札	195
汨	195
000	195
##ing	194
be	194
255	194
do	194
a5	193
q5	193
镊	193
950	192
ノ	192
405	192
625	192
195	191
琰	191
sd	191
2100	191
於	191
❀	191
筏	190
摒	190
茴	190
窕	190
砣	190
ins	189
掳	189
は	189
pop	189
攘	189
ー	189
¥	189
囍	189
缜	189
﹣	189
301	188
v6	188
桉	188
龇	188
珏	187
al	186
箔	186
low	186
飯	186
臧	186
睐	185
蛳	185
272	185
癣	185
mi	184
404	184
帶	184
書	183
骛	183
##900	183
355	183
189	182
one	182
##ang	182
潋	182
剛	182
133	182
30000	181
磐	181
獗	181
掼	181
樂	181
401	181
100m	180
單	180
st	180
佔	180
旌	180
辦	180
##un	180
鞘	180
2600	180
##800	179
pg	179
part	179
dan	179
ms	179
谗	179
2300	178
膺	178
濑	178
噘	178
乛	178
裘	177
厥	177
spa	177
m3	176
阙	176
阚	176
菡	176
m4	176
國	175
too	175
○	175
ch	175
菀	175
uv	175
記	174
遏	174
卯	174
扈	174
埯	174
cv	174
饯	174
may	174
tb	174
699	174
□	173
泓	173
踊	173
铆	173
铿	173
htc	172
枢	172
锕	171
el	171
g1	171
fifa	171
ufo	171
117	171
變	171
儡	170
诩	170
唛	170
辄	170
馬	170
蟠	170
屮	170
1001	170
崃	169
褓	169
d5	169
孚	169
a8	169
##sh	169
蚬	169
ま	169
cos	168
hu	168
m2	168
–	168
锂	168
google	167
榭	167
鲷	167
##ms	167
m8	166
驮	166
蕨	166
磷	166
缔	165
##da	165
з	165
pan	165
矾	165
锹	165
460	165
come	165
凇	164
1m	164
just	164
锌	163
2008	163
r1	163
〔	163
201	163
滢	163
q7	163
谙	163
傀	162
nc	162
玟	162
獭	162
枳	162
３	162
142	162
皋	161
ｏ	161
an	161
５	161
love	161
♪	161
pro	161
祯	161
ben	161
烬	161
冢	161
1v	161
讧	160
觑	160
can	160
456	160
冗	160
戬	160
嗄	160
琨	160
440	159
霎	159
弩	159
ˉ	159
忡	159
旳	159
225	158
127	158
睽	158
剌	158
mama	158
tvb	157
charlie	157
₃	157
芡	157
兒	157
箴	157
〕	156
赳	156
瞰	156
襁	156
門	156
骥	156
prada	156
汲	156
offer	156
510	156
pd	156
濠	155
gaga	155
榈	155
う	155
坍	155
吮	155
戎	155
幡	155
3600	155
1994	154
頔	154
纣	154
匍	154
杳	154
990	154
潺	154
痂	154
ㄒ	154
槃	154
ml	154
fi	153
谔	153
忱	153
夥	153
##er	152
岌	152
345	152
沏	152
驷	152
筵	152
x6	152
鼹	152
425	152
胥	152
144	152
2700	152
##zz	152
堋	151
2cm	151
匐	151
灣	151
硝	151
pu	150
500g	150
455	150
##200	150
214	150
iq	150
總	150
礴	150
髻	149
141	149
h7n9	149
##gg	149
810	149
煦	149
s2	149
語	149
侏	149
颚	149
沅	149
峭	148
##ps	148
膑	148
確	148
砚	148
從	148
n2	148
晌	148
b2	148
gap	147
20cm	147
邡	147
瓯	147
560	147
f2	147
‖	147
邕	146
miui	146
蕤	146
莅	146
琍	146
嫔	146
zh	146
npc	146
癡	146
亳	146
羌	146
010	145
粼	145
お	145
12345	145
拇	145
390	144
诌	144
〉	144
146	144
稞	144
蛟	143
##150	143
泞	143
258	143
侑	143
缎	143
mary	143
jo	143
と	143
234	143
幫	143
407	142
獾	142
弈	142
進	142
229	141
##le	141
321	141
酉	141
feel	141
8k	141
ㄘ	141
藜	141
蛭	141
痦	141
讬	141
晔	140
缙	140
裟	140
苣	140
斓	140
蕙	140
汶	139
哞	139
win7	139
yu	139
100g	139
①	139
470	139
308	139
薹	139
lg	139
翀	138
n1	138
躇	138
湮	138
eq	138
##en	138
滓	138
糸	138
jul	138
1942	137
361	137
颌	137
踵	137
1980	137
嫲	136
##ra	136
換	136
袈	136
斛	136
uc	136
1998	136
踌	136
##cc	136
ck	136
樓	135
v4	135
##600	135
tom	134
鸾	134
##cy	134
帼	134
588	134
铎	134
榷	134
em	134
##na	134
尅	134
2002	134
熱	134
亘	134
喈	134
跛	134
讥	134
gl	134
邊	133
3200	133
鍊	133
x3	133
荸	133
碘	133
home	133
庶	133
mp4	133
hello	133
20000	133
る	132
ar	132
樵	132
ん	132
304	132
100ml	132
ne	132
岖	132
炝	131
痧	131
302	131
my	131
410	131
鳍	131
##500	131
仟	131
esp	131
吔	131
##pa	130
g7	130
聯	130
747	130
228	130
っ	130
206	130
over	130
蓑	130
a2	129
诳	129
ng	129
ky	129
昇	129
貓	129
泫	129
205	129
d3	129
279	128
張	128
叕	128
sir	128
蜈	128
親	128
gi	128
##ess	128
mt	128
谕	127
徉	127
茭	127
ㄇ	127
↓	127
##ly	127
208	127
mo	127
徜	127
mb	127
嫡	127
a9	126
猷	126
801	126
303	126
402	126
覃	126
2007	126
涓	126
屉	126
737	125
堇	125
ing	125
鲳	125
b1	125
壑	125
##120	125
氓	124
處	124
sp	124
煩	124
in	124
325	124
kg	124
305	124
█	124
場	124
に	124
峙	124
147	123
仝	123
內	123
荨	123
鳜	122
罒	122
赡	122
′	122
##zy	122
don	122
溧	122
腴	121
彳	121
亍	121
邬	121
傷	121
鄞	121
touch	121
i5	121
328	120
佯	120
鼋	120
癞	120
3800	120
計	120
祀	120
绫	120
蹶	120
廿	120
隼	120
驸	120
夙	120
龋	120
荪	120
锺	119
捲	119
30ml	119
貨	119
##300	119
夠	119
##oo	119
寫	119
粢	118
龌	118
﹌	118
骜	118
娣	118
##lay	118
論	118
迸	117
號	117
钛	117
岘	117
ｔ	117
##pm	117
戊	117
餵	117
193	117
pi	117
diy	117
cn	117
锲	117
俬	116
mike	116
##x2	116
獠	116
谄	116
滂	116
rx	116
239	116
钾	115
钠	115
g3	115
淞	115
317	115
锉	115
尕	115
re	115
1990	114
蠍	114
纨	114
強	114
306	114
290	114
##101	114
貉	114
惴	114
238	113
388	113
圖	113
璟	113
戀	113
吒	113
旎	113
##ne	113
u11	113
霁	113
nfc	113
筠	113
诟	112
運	112
↑	112
g6	112
408	112
饴	112
##r3	112
li	112
§	112
##day	111
郜	111
540	111
訴	111
巳	111
mate	111
吏	111
②	111
衙	111
娑	110
plan	110
50ml	110
さ	110
rs	110
15000	110
340	110
匾	110
痩	110
涣	110
洩	110
蛏	110
偃	110
349	110
漕	109
爻	109
191	109
1912	109
pm	109
lady	109
si	109
網	109
盱	109
ap	109
辕	109
610	109
##on	109
730	109
嵘	109
de	108
ds	108
酮	108
識	108
遠	108
925	108
◕	108
颉	108
費	108
215	108
oo	108
毽	108
##am	108
334	108
莜	108
笆	108
4m	108
ho	108
hp	108
續	107
８	107
gs	107
899	107
師	107
af	107
2a	107
}	107
趵	107
207	107
ts	107
囵	107
秆	107
sc	106
246	106
蓟	106
frank	106
埂	106
‿	106
fan	106
488	105
##rs	105
裝	105
仂	105
業	105
319	105
枞	105
〈	105
30g	105
喰	105
2m	105
谚	105
╥	105
mk	105
艮	105
夢	105
诙	104
c5	104
740	104
kitty	104
505	104
570	104
2009	104
數	104
2005	103
lulu	103
刎	103
戌	103
绔	103
習	103
绾	103
剿	103
藉	103
離	103
阡	103
ppp	103
賣	103
偌	102
˙	102
節	102
##up	102
##gh	102
秸	102
狲	102
ly	102
啜	102
pe	102
503	102
呔	102
216	102
帛	102
307	102
air	102
hd	102
268	101
is	101
镚	101
218	101
ios7	101
baby	101
lo	101
亥	101
玑	101
4a	101
289	101
こ	100
russell	100
k2	100
幺	100
ˇ	100
あ	100
536	100
瞿	100
710	100
san	100
z2	100
適	100
鲑	100
鲱	100
眙	100
20g	100
tan	99
##lan	99
vi	99
铬	99
忿	99
ya	99
ge	99
adc	99
m5	99
旖	98
σ	98
渥	98
﹁	98
隅	98
gary	98
霭	98
臉	98
who	98
alex	98
209	98
彧	98
忪	98
bo	97
紙	97
∪	97
叱	97
1880	97
q10	97
nike	97
４	97
le	97
嘹	97
帷	97
拚	97
aaa	96
羲	96
き	96
511	96
peter	96
坳	96
雙	96
瀛	96
lan	96
決	96
砧	96
##xx	96
{	96
廣	95
292	95
孪	95
##max	95
mba	95
诏	94
氯	94
pose	94
り	94
5kg	94
─	94
lcd	94
fu	94
藓	94
糁	94
阄	94
蹴	93
砲	93
恣	93
笺	93
瘀	93
##my	93
珮	93
疫	93
2001	93
style	93
rm	93
煨	92
竽	92
2022	92
係	92
枥	92
佶	92
沭	92
f3	92
525	92
＼	92
##ng	92
444	92
398	92
犇	92
670	91
溉	91
準	91
g5	91
嗫	91
妤	91
苋	91
366	91
cat	91
143	91
簌	91
xd	91
ru	91
wp	91
as	91
020	91
氟	90
##400	90
氦	90
##ls	90
xxxx	90
く	90
焱	90
菸	90
##al	90
槑	90
ps3	90
1970	90
遊	90
谆	90
約	89
罡	89
266	89
kiss	89
呒	89
269	89
隨	89
瑄	89
275	89
岱	89
嫚	89
綦	89
骐	89
囫	89
風	89
matt	89
3300	89
煊	89
祂	89
熥	88
fb	88
竣	88
嶙	88
soho	88
鲢	88
sim	88
r8	88
4800	88
312	88
苯	88
##son	88
##x5	88
414	88
貴	88
谂	88
藩	88
钿	88
視	88
##ta	88
get	88
d2	88
3400	87
恻	87
458	87
鄱	87
504	87
518	87
昶	87
缄	87
##io	87
##ca	87
咛	87
気	87
##520	87
leo	87
‥	87
219	87
﹀	87
2003	87
蜱	87
麸	87
##te	86
1993	86
唢	86
尓	86
價	86
5v	86
620	86
峋	86
##ght	86
類	86
515	86
嗣	86
d1	86
mar	86
骊	85
she	85
爲	85
蝼	85
愕	85
ro	85
撺	85
鹬	85
##ley	85
ea	85
ˋ	85
∞	85
426	85
鹫	85
421	85
丨	85
but	84
##qq	84
棣	84
688	84
kate	84
願	84
斷	84
les	84
備	84
翎	84
ray	84
es	84
##ter	84
證	84
1987	84
1984	84
標	84
唻	83
組	83
６	83
q3	83
bill	83
荀	83
p2p	83
蔷	83
犸	83
720p	83
331	83
ep	83
滿	83
呓	83
鬃	83
態	82
g2	82
##rry	82
2006	82
逑	82
淦	82
care	82
cool	82
繫	82
house	82
贻	82
235	82
鲛	82
潸	81
匝	81
223	81
mp	81
旸	81
329	81
224	81
杈	81
紅	81
沌	81
荻	81
轼	81
轉	81
谀	81
涿	81
檫	81
spf	80
##mp	80
養	80
讴	80
easy	80
泠	80
ba	80
con	80
擞	80
谝	80
ni	80
ram	80
##nm	80
616	80
c3	80
6500	80
菴	80
よ	80
愭	80
讀	80
win10	80
5500	80
live	80
舶	80
ryan	79
h2	79
垠	79
amy	79
艿	79
311	79
順	79
〖	79
10g	79
磡	79
つ	79
裏	79
練	79
001	79
ａ	79
瞑	79
vr	79
271	78
##250	78
谑	78
酩	78
竺	78
nana	78
f5	78
n3	78
〗	78
iu	78
##fa	78
309	78
##th	78
2004	78
3s	78
＆	78
豺	78
鹜	78
jane	78
稷	78
啖	78
灬	78
④	77
##ka	77
der	77
畸	77
柘	77
跻	77
sas	77
ね	77
侉	77
jimmy	77
畫	77
ㄟ	77
ㄉ	77
245	77
##man	77
ae	77
萬	77
ˊ	77
绺	77
pvc	77
泔	76
珅	76
″	76
##xxx	76
俸	76
掬	76
倌	76
226	76
﹑	76
珩	76
赟	76
jr	76
dx	76
汛	76
芫	76
弑	76
2900	75
甯	75
en	75
212	75
ﾉ	75
吋	75
push	75
帥	75
dr	75
徳	75
409	75
麂	75
##1000	75
報	75
壬	75
簡	75
迥	75
醴	75
2021	75
襦	74
5m	74
汴	74
も	74
##ia	74
080	74
422	74
寶	74
輕	74
亓	74
han	74
339	74
７	74
314	74
4200	74
imax	74
嚏	74
mg	74
衮	74
楣	73
絕	73
windows	73
嚄	73
講	73
win	73
##via	73
癒	73
薑	73
##sp	73
缨	73
500ml	73
貼	73
丕	73
265	73
tc	73
氨	73
９	73
侩	73
復	72
髮	72
璋	72
##ui	72
we	72
酊	72
369	72
194	72
490	72
蚵	72
313	72
##aa	72
ig	72
galaxy	72
堅	72
di	72
怆	72
連	72
評	72
を	72
椹	72
許	72
選	72
锴	72
搡	72
戆	71
垵	71
間	71
邝	71
蜒	71
4399	71
攸	71
蚜	71
魚	71
冼	71
粄	71
316	71
宦	71
1995	71
247	71
罔	71
∮	71
5a	71
圩	70
調	70
anna	70
701	70
##a5	70
217	70
锝	70
money	70
1992	70
睢	70
長	70
庾	70
msn	70
50g	70
##750	70
24h	70
疖	70
條	69
kevin	69
砾	69
513	69
##123	69
爨	69
雖	69
##ed	69
邸	69
掣	69
泌	69
##va	69
359	69
coco	69
祇	69
##ake	69
##us	69
ce	69
pt	69
vivo	69
觀	68
腳	68
##vi	68
∙	68
##ren	68
汞	68
質	68
760	68
416	68
##el	68
豔	68
酶	68
543	68
win8	68
唄	68
##ke	68
鹄	68
yam	68
荃	68
rom	68
孓	68
绡	68
dm	68
葭	67
谏	67
3a	67
508	67
##san	67
wi	67
apple	67
puma	67
談	67
龛	67
h1	67
峦	67
##xt	67
iso	67
釆	67
pptv	67
ns	67
囗	66
墟	66
眞	66
敝	66
鳃	66
陽	66
跩	66
孖	66
衿	66
珐	66
え	66
蜢	66
cba	66
與	66
硒	66
v3	66
蔺	66
繼	66
##dy	66
忾	65
ui	65
娭	65
緊	65
solo	65
≈	65
##001	65
討	65
##ch	65
へ	65
驗	65
弋	65
魉	65
補	65
ら	65
1250	65
r2	65
50mm	64
1a	64
406	64
ted	64
joe	64
魍	64
te	64
506	64
勐	64
義	64
蜿	64
笞	64
412	64
ｋ	64
碣	64
285	64
ev	64
饸	64
浚	64
cj	64
ken	64
線	64
##chel	63
蹙	63
筆	63
259	63
433	63
眦	63
new	63
龊	63
eos	63
ti	63
hiv	63
額	63
##ts	63
溥	63
##ve	63
✪	63
獅	63
python	62
18k	62
歲	62
侗	62
澍	62
##at	62
須	62
ah	62
資	62
6a	62
##ip	62
##ty	62
珲	62
蜃	62
##gb	62
##han	62
##sa	62
3100	62
級	62
廓	61
fps	61
##st	61
東	61
er	61
﹖	61
诓	61
莒	61
##is	61
##pr	61
403	61
聲	61
##ma	61
god	61
鹂	61
pk10	61
歷	61
碼	61
刽	61
み	61
im	61
郵	61
km	61
苜	61
time	61
れ	61
烷	61
③	60
灞	60
馓	60
飛	60
##lly	60
姹	60
腦	60
炀	60
啱	60
郧	60
毑	60
娉	60
##370	60
323	60
size	60
248	60
338	60
興	60
純	60
邳	60
隊	60
卻	60
铄	60
亟	60
##ii	60
b5	60
畢	60
429	60
##cl	60
830	60
異	60
劇	59
##dd	59
亂	59
##ds	59
va	59
3ds	59
雎	59
##nt	59
觐	59
##lie	59
fe	59
ios11	59
舷	59
mon	59
kb	59
顷	59
##app	59
neo	59
週	59
◇	58
橹	58
鲮	58
庹	58
胤	58
2l	58
fun	58
そ	58
喲	58
6m	58
352	58
##5s	58
铪	58
##mi	58
殭	58
ｐ	58
##ar	58
870	58
michael	58
scott	58
钏	58
day1	58
claire	58
谶	58
378	58
陸	58
stephen	57
豬	57
oled	57
david	57
汆	57
war	57
猕	57
1888	57
ｎ	57
251	57
鲟	57
邈	57
##110	57
8cm	57
曬	57
雉	57
##es	57
445	57
e2	57
601	57
1860	57
巿	57
璠	57
##ll	57
栀	57
374	57
377	57
趕	57
3kg	57
浠	57
蘼	57
bl	56
蒹	56
pizza	56
倭	56
琬	56
ˍ	56
eva	56
绌	56
袤	56
壓	56
聿	56
cg	56
335	56
揶	56
ll	56
##ua	56
丟	56
not	56
word	56
ㄚ	56
骅	56
缳	56
−	55
茕	55
藥	55
221	55
醫	55
甬	55
遞	55
##or	55
ｍ	55
050	55
壞	55
觞	55
戲	55
瓮	55
op	55
##ko	54
锭	54
茑	54
770	54
18000	54
gif	54
桠	54
7500	54
鹧	54
锱	54
##tf	54
lt	54
15g	54
shi	54
690	54
嫰	54
sunny	54
況	54
nt	54
溫	54
烀	54
##160	54
ipod	54
295	54
様	54
##mmy	54
揄	54
莠	54
emily	54
簽	54
跚	54
candy	54
鸪	54
禮	54
sarah	54
pen	54
慣	54
i7	54
黃	54
##se	53
炷	53
012	53
002	53
偲	53
緣	53
馏	53
henry	53
##ti	53
##hz	53
紮	53
##sta	53
骝	53
≡	53
bd	53
≫	53
##ark	53
饷	53
厭	53
糾	53
415	53
down	53
ｈ	53
428	53
##360	53
毎	53
恹	53
tcl	53
葳	52
ｖ	52
dv	52
濯	52
ｉ	52
〝	52
lin	52
322	52
375	52
sky	52
30cm	52
蹒	52
##no	52
蓿	52
324	52
##go	51
佻	51
餓	51
##id	51
镣	51
nasa	51
reply	51
锟	51
harry	51
polo	51
van	51
ｇ	51
氲	51
ち	51
潞	51
負	51
滘	51
e1	51
##one	51
##uan	51
##hc	51
啐	51
傳	51
by	51
烽	51
html	51
妯	51
醣	51
nu	51
237	51
excel	50
muji	50
岿	50
int	50
桷	50
钜	50
boy	50
嗰	50
»	50
專	50
镔	50
蹑	50
荜	50
擇	50
軟	50
278	50
418	50
h6	50
玹	50
俚	50
跄	50
複	50
舆	50
◆	50
##ju	50
臾	50
懷	50
show	50
顯	50
踉	50
や	50
倆	50
嗞	50
議	50
hot	49
##il	49
etc	49
c4	49
«	49
贠	49
ト	49
螈	49
終	49
桎	49
鹕	49
懑	49
铤	49
滟	49
吶	49
603	49
sony	49
##ey	49
鏖	49
##os	49
##nd	49
厲	49
谌	49
△	49
522	49
薦	49
227	49
熵	49
鹈	49
1350	49
dt	49
384	48
梏	48
ᆺ	48
860	48
殓	48
佚	48
铖	48
細	48
戍	48
秭	48
荽	48
蜉	48
##ppy	48
262	48
rd	48
##tt	48
員	48
癵	48
keep	48
缱	48
orz	48
##kk	48
虻	48
⑧	48
狀	48
kimi	48
lc	48
耨	48
232	48
犍	48
real	48
021	48
麵	48
銮	48
梿	47
##ndy	47
356	47
趸	47
燮	47
##mb	47
悻	47
覅	47
h5	47
bp	47
##m2	47
802	47
##ce	47
痍	47
≪	47
鳟	47
蹼	47
498	47
2345	47
##ser	47
##ya	47
牒	47
贮	47
steam	47
刍	47
菓	47
##ge	47
沣	47
凼	47
##ad	47
楹	47
馔	47
燊	47
ii	46
兖	46
華	46
達	46
nick	46
611	46
邺	46
瞭	46
ェ	46
##ga	46
413	46
垛	46
穩	46
腺	46
##po	46
撷	46
tony	46
洇	46
荥	46
牯	46
職	46
璜	46
賽	46
氤	46
褙	46
優	46
翳	46
890	46
978	46
髈	46
囿	46
##be	46
鞑	46
##012	46
##470	46
祐	46
ｃ	46
颍	45
##ena	45
##ld	45
靥	45
day2	45
诃	45
靜	45
##len	45
george	45
舐	45
xa	45
蟾	45
樨	45
momo	45
喙	45
蛄	45
娌	45
坜	45
魑	45
you	45
au	45
盡	45
蹓	45
揖	45
爾	45
516	45
黠	45
242	45
層	45
##pp	45
286	45
術	45
耒	45
幄	45
368	45
掴	45
め	45
肄	45
謂	45
曌	45
屐	45
蠻	45
け	45
2025	45
sean	44
417	44
389	44
##in	44
##ann	44
girl	44
usa	44
gre	44
澹	44
淸	44
ｓ	44
##ison	44
爺	44
358	44
坻	44
镍	44
棄	44
332	44
626	44
減	44
james	44
將	44
妗	44
糅	44
嫒	44
e6	44
281	44
011	44
绀	44
窣	43
岷	43
懶	43
窸	43
##ff	43
carlo	43
##ah	43
鄢	43
⌒	43
缮	43
戰	43
gucci	43
357	43
match	43
詞	43
妺	43
咥	43
email	43
##di	43
弼	43
fc	43
will	43
掸	43
盤	43
4600	43
淬	43
ヘ	43
590	43
婳	43
་	43
c919	42
睥	42
50000	42
滦	42
呶	42
282	42
圍	42
脫	42
andrew	42
酚	42
1850	42
纰	42
346	42
▔	42
胗	42
丿	42
∽	42
绻	42
know	42
慮	42
踱	42
miss	42
##fs	42
##min	42
ft	42
浜	42
钣	42
##ap	42
楸	42
孱	42
蠡	42
note7	42
蓁	42
##nk	42
脍	42
252	42
gtx	42
##0m	42
阕	41
漢	41
阪	41
et	41
v2	41
矗	41
俳	41
塊	41
411	41
summer	41
睨	41
嗚	41
q2	41
菅	41
羸	41
197	41
ob	41
##eep	41
＃	41
##za	41
砝	41
see	41
篁	41
lily	41
鸩	41
##li	41
紊	41
##ud	41
纭	41
儆	41
淖	40
潲	40
吥	40
咘	40
鹳	40
鳓	40
root	40
ｄ	40
end	40
硚	40
rpg	40
咾	40
night	40
##ner	40
flash	40
##ee	40
1991	40
痹	40
極	40
hdr	40
歙	40
##uk	40
亻	40
dean	39
1949	39
kelly	39
pet	39
俎	39
剜	39
ｅ	39
酢	39
揸	39
pos	39
騙	39
q1	39
藝	39
##co	39
1010	39
##sd	39
設	39
籤	39
嚇	39
003	39
244	39
##gar	39
##way	39
郅	39
##hk	39
ㄅ	39
佝	39
##rt	39
3ce	39
##ard	39
##em	39
鸫	39
kd	39
idea	39
铱	39
氵	39
cia	39
840	39
##xi	38
022	38
钚	38
癸	38
##480	38
慶	38
ace	38
justin	38
ㄏ	38
冏	38
297	38
friends	38
紋	38
桖	38
▼	38
50cm	38
涑	38
曈	38
##av	38
茛	38
##011	38
##as	38
ン	38
ｑ	38
庖	38
靈	38
歎	38
jump	38
g9	38
饹	38
##mon	38
ssd	38
##rl	38
372	38
coach	38
bar	38
鬧	38
忤	38
丼	38
sg	38
伉	38
##ill	38
ゝ	38
踞	38
參	38
峯	38
386	38
蚩	38
跹	37
萼	37
x4	37
鲎	37
宓	37
261	37
∶	37
槓	37
##mah	37
nata	37
if	37
焐	37
刪	37
湧	37
pdf	37
垭	37
jun	37
罘	37
绶	37
郦	37
jason	37
鸹	37
菟	37
ofo	37
##ult	37
妊	37
♬	37
÷	37
團	37
emma	37
adam	37
砀	37
379	37
麤	37
響	37
##uck	37
mit	37
岫	37
珣	36
豢	36
438	36
锆	36
煅	36
嵋	36
##ki	36
475	36
e7	36
##2000	36
sat	36
殚	36
486	36
麾	36
##do	36
028	36
855	36
甑	36
酯	36
alt	36
office	36
齉	36
颢	36
肽	36
##ic	36
誠	36
828	36
鐘	36
鎏	36
诿	36
邰	36
‵	36
鲠	36
噙	36
噤	36
狷	36
take	35
蝰	35
343	35
篼	35
屬	35
karl	35
lee	35
##ai	35
伫	35
bonnie	35
fx	35
昰	35
²	35
踟	35
us	35
##si	35
##nn	35
ひ	35
##ns	35
ᵒ	35
441	35
##fi	35
atp	35
糬	35
澧	35
468	35
ㄋ	35
頂	35
а	35
##ex	35
1920	35
marc	35
嶝	35
way	35
705	35
裾	35
菖	35
餅	35
輩	35
預	34
ua	34
奤	34
txt	34
浒	34
##lin	34
铡	34
##oy	34
獐	34
371	34
⑥	34
儋	34
祉	34
cfa	34
忖	34
惡	34
1897	34
paper	34
証	34
蝾	34
##die	34
蕻	34
偻	34
踽	34
ツ	34
loft	34
##rd	34
##anda	34
##et	34
塾	34
435	34
啮	34
shopping	34
維	34
锰	34
bat	34
##rm	34
並	33
わ	33
3mm	33
xi	33
##ni	33
##af	33
遒	33
導	33
藍	33
舖	33
costco	33
##me	33
##de	33
蒯	33
alice	33
氰	33
look	33
##cp	33
虛	33
gr2	33
誤	33
yang	33
嚜	33
鋆	33
磬	33
495	33
##zi	33
焜	33
箐	33
袂	33
now	33
雜	33
濂	33
##ef	33
td	33
##v4	32
##168	32
陲	32
257	32
##hi	32
カ	32
js	32
only	32
搋	32
扽	32
懋	32
##010	32
痿	32
852	32
ㄈ	32
##ue	32
蛞	32
蝓	32
jackson	32
緒	32
##yn	32
顏	32
領	32
柞	32
##ot	32
##re	32
##ive	32
鬆	32
俶	32
##sk	32
451	32
蒡	32
窨	32
dl	32
##ran	32
381	31
※	31
輸	31
蹟	31
##tv	31
呤	31
##lo	31
囯	31
滾	31
睌	31
##ton	31
蹰	31
273	31
ec	31
憶	31
則	31
悱	31
倨	31
##365	31
擔	31
鐵	31
⑤	31
008	31
##ku	31
rmk	31
buff	31
亞	31
dior	31
nexus	31
##he	31
嚴	31
醅	31
睚	31
year	31
課	31
instagram	31
゜	31
龍	31
ee	31
雒	31
##n1	31
241	31
##cky	31
qs	31
ctrl	31
測	31
b3	31
霈	31
诤	31
348	31
honey	31
楝	31
ｙ	31
紹	31
simon	31
1978	31
25000	31
铳	31
勢	31
逵	31
鳥	31
鑑	30
郓	30
tina	30
﹡	30
sun	30
psp	30
乩	30
顧	30
sweet	30
347	30
崧	30
##so	30
pvp	30
璎	30
ji	30
樯	30
淚	30
293	30
##fu	30
##ach	30
gc	30
##rr	30
嵬	30
蓥	30
钎	30
盥	30
1868	30
243	30
埭	30
##rc	30
貘	30
park	30
ci	30
〞	30
##yu	30
for	30
100km	30
ve	30
ⅱ	30
stay	30
蹚	30
##hr	30
anthony	30
■	30
ups	30
¨	30
菽	30
洨	30
キ	30
鸮	30
##yy	29
rose	29
蝣	29
254	29
bmw	29
痲	29
嘗	29
湟	29
遺	29
king	29
髯	29
##ush	29
钴	29
dream	29
腫	29
環	29
##gl	29
fashion	29
褔	29
瘋	29
骺	29
super	29
ｗ	29
跬	29
捌	29
頫	29
##pe	29
艋	29
悭	29
厩	29
愠	29
##lf	29
骰	29
耄	29
14k	29
816	29
舫	29
336	29
笫	29
產	29
351	29
ww	29
path	29
##om	29
gb	29
纾	29
蚧	29
辐	29
昉	28
絲	28
劃	28
sm	28
cam	28
595	28
殺	28
μ	28
掃	28
php	28
о	28
涔	28
##ker	28
amd	28
387	28
甪	28
茏	28
颏	28
覚	28
ㄌ	28
##ci	28
##ica	28
聩	28
##cg	28
針	28
353	28
飄	28
搶	28
胰	28
猞	28
涞	28
鳊	28
佷	28
｜	28
vivi	28
2mm	28
洮	28
粲	28
##r4	28
jan	28
tim	28
385	28
琏	28
##log	28
炆	28
歩	28
鲔	28
383	28
##tos	28
##red	27
杼	27
護	27
##mo	27
432	27
ง	27
1981	27
here	27
磲	27
錄	27
##cake	27
5l	27
1867	27
莼	27
ｕ	27
amazon	27
矍	27
奂	27
瑗	27
##ere	27
奘	27
铰	27
com	27
涼	27
麗	27
ス	27
1985	27
e5	27
烔	27
シ	27
歐	27
ク	27
parker	27
粵	27
铥	27
訂	27
jp	27
蘭	27
##jo	27
椟	27
碛	27
憂	27
怹	27
隻	27
267	27
##ule	27
遴	27
##sco	27
##tty	27
##ani	27
344	27
287	27
##2013	27
詩	27
case	27
萸	27
##163	27
購	27
231	27
960	27
##ac	27
倏	27
硼	27
桅	27
陟	26
ivy	26
囹	26
勁	26
镫	26
〓	26
ips	26
##mond	26
岙	26
茆	26
衹	26
jim	26
昴	26
annie	26
膠	26
acca	26
鍋	26
韫	26
咝	26
##oper	26
湍	26
dsp	26
氙	26
潽	26
ル	26
▲	26
郯	26
taylor	26
art	26
箜	26
々	26
唳	26
聃	26
寧	26
浐	26
andy	26
##ant	26
髪	26
##joy	26
佗	26
709	26
僮	26
寳	26
##ford	26
谘	26
肱	26
##nie	26
敗	26
髙	26
pokemon	26
揠	26
铧	26
326	26
峒	26
嗌	26
耋	26
説	26
day3	25
蠔	25
碓	25
紀	25
hey	25
稔	25
##3c	25
##3d	25
饐	25
6gb	25
dnf	25
镌	25
dns	25
蒟	25
厶	25
哂	25
£	25
##ncy	25
嫱	25
猗	25
ㄛ	25
寤	25
嚶	25
amg	25
妝	25
##lu	25
尋	25
钺	25
骈	25
##car	25
¤	25
蟥	25
鹎	25
砗	25
颔	25
瑪	25
琮	25
範	25
匕	25
據	25
sap	25
舉	25
絡	25
##and	25
蒻	25
768	25
擊	25
##um	25
##ru	25
448	25
瘘	25
##vs	25
##ok	25
鞥	25
f16	25
戶	25
morning	25
镭	25
light	25
栳	25
鞣	25
爭	24
鲥	24
伲	24
1899	24
陣	24
凃	24
ella	24
フ	24
妪	24
諒	24
##tc	24
珰	24
iphone6	24
mandy	24
镲	24
圓	24
訾	24
##nc	24
ゃ	24
胩	24
##to	24
daniel	24
cbd	24
馐	24
飽	24
耦	24
倓	24
ッ	24
毗	24
鮮	24
##gs	24
##ho	24
sophie	24
##age	24
碁	24
charles	24
鬰	24
囝	24
髀	24
谲	24
醜	24
q4	24
尥	24
寵	24
star	24
act	24
咲	24
訇	24
ngo	24
##pt	24
##ei	24
394	24
晁	24
##fe	24
绐	24
嘌	24
誊	24
€	24
362	24
mall	24
##lli	24
垩	24
イ	24
蹇	24
alan	23
##017	23
钭	23
copy	23
##ster	23
327	23
##ol	23
##cal	23
##mer	23
337	23
linux	23
姪	23
钨	23
責	23
銀	23
垄	23
沤	23
淙	23
⑨	23
richard	23
263	23
rich	23
潴	23
1931	23
焘	23
abs	23
539	23
921	23
##ita	23
谡	23
284	23
427	23
鍵	23
際	23
##340	23
倬	23
铣	23
驚	23
dog	23
孒	23
鮀	23
钶	23
郗	23
嫄	23
捨	23
tee	23
溟	23
殒	23
榧	23
william	23
055	23
朐	23
##uo	23
ｘ	23
253	23
飲	22
丅	22
tips	22
テ	22
##ao	22
raw	22
∑	22
##2016	22
祕	22
｝	22
倫	22
骟	22
##ack	22
沵	22
瞇	22
very	22
诘	22
##ba	22
wan	22
鹞	22
##ith	22
july	22
燈	22
283	22
燒	22
猢	22
277	22
螯	22
哕	22
hard	22
糨	22
green	22
遲	22
煳	22
##wi	22
##win	22
##xy	22
2050	22
2030	22
钒	22
291	22
缦	22
崑	22
猁	22
isis	22
like	22
lisa	22
lumia	22
玘	22
iphone7	22
園	22
367	22
363	22
##hu	22
琚	22
霰	22
iii	22
媞	22
桧	22
##lk	22
皴	22
頻	22
##ji	22
##it	22
闳	22
8mm	22
挻	22
1933	22
颀	22
1958	22
1986	22
褛	22
顆	22
l2	22
##dr	21
啉	21
蚶	21
攝	21
雲	21
湯	21
釋	21
彘	21
彡	21
釀	21
铞	21
桜	21
醃	21
##2015	21
贏	21
##ion	21
martin	21
埙	21
db	21
谪	21
譯	21
angela	21
賊	21
蝻	21
japan	21
alexander	21
free	21
##ph	21
##op	21
嶂	21
暱	21
擺	21
噠	21
羅	21
н	21
##air	21
ハ	21
##ane	21
thomas	21
甁	21
##oe	21
嬌	21
##lis	21
妁	21
##den	21
槎	21
欻	21
噴	21
##013	21
毀	21
rc	21
慘	21
echo	21
蔸	21
##land	21
讣	21
www	21
蓋	21
瑷	21
遑	21
膚	21
リ	21
stop	21
鳔	21
娈	21
il	21
ikea	21
罷	21
锜	21
wu	21
祼	21
騎	21
夾	21
##lmer	21
畲	21
##nor	21
ア	21
chi	21
藁	21
樑	21
蝲	20
賴	20
##nar	20
綠	20
pv	20
ღ	20
allen	20
闩	20
｛	20
閃	20
dram	20
骧	20
査	20
xddd	20
锶	20
稱	20
zip	20
top10	20
圪	20
δ	20
铨	20
anne	20
ann	20
##580	20
##hl	20
alphago	20
i3	20
曖	20
##ft	20
赓	20
伥	20
ㄓ	20
◠	20
郏	20
##007	20
1977	20
吽	20
nano	20
##sc	20
褡	20
歘	20
靛	20
呻	20
趿	20
354	20
岬	20
鄉	20
頁	20
せ	20
爰	20
戗	20
祗	20
##hd	20
聰	20
崛	20
790	20
哓	20
kl	20
##play	20
颧	20
菈	20
##ham	20
輯	20
029	20
篦	20
砭	20
⑦	20
巽	20
勞	20
摈	20
蚍	19
裢	19
熘	19
ほ	19
xr	19
斡	19
##line	19
砢	19
萁	19
仞	19
##ys	19
##015	19
ラ	19
円	19
wto	19
亊	19
洄	19
挲	19
丌	19
well	19
聖	19
邙	19
##tte	19
邨	19
661	19
赭	19
##ress	19
廈	19
и	19
##ram	19
寖	19
俅	19
砼	19
醬	19
汊	19
洺	19
钯	19
玎	19
薮	19
倖	19
贊	19
彈	19
##2017	19
營	19
舊	19
##ub	19
貝	19
classic	19
china	19
財	19
chanel	19
郞	19
恸	19
彿	19
##tion	19
洢	19
觥	19
##sy	19
boot	19
##md	19
373	19
髋	19
呯	19
##der	19
##ence	19
rain	19
the	19
吡	19
pm1	19
畈	19
##gi	19
sf	19
谯	19
ghost	19
##ian	19
jerry	19
oa	19
have	19
咭	19
rt	19
howard	19
##ct	19
hop	19
jeff	19
##alk	19
kids	19
茯	19
pre	19
study	19
chang	18
376	18
##2012	18
啍	18
##hy	18
誇	18
黨	18
##ual	18
chan	18
踅	18
杮	18
骓	18
鲭	18
槍	18
young	18
渌	18
畹	18
篾	18
鞅	18
##ul	18
ふ	18
舸	18
钕	18
喫	18
玦	18
沆	18
iv	18
蕖	18
铍	18
棂	18
铊	18
814	18
##ox	18
疣	18
幔	18
key	18
葺	18
暫	18
ψ	18
暈	18
cnn	18
##3000	18
疽	18
arm	18
廁	18
圏	18
465	18
##rap	18
✿	18
闢	18
jessica	18
擢	18
闆	18
臥	18
罹	18
メ	18
濕	18
呴	18
del	18
grace	18
荑	18
橦	18
wps	18
冊	18
皲	18
鼯	18
dlc	18
呖	18
pin	18
蓼	18
泮	18
doc	18
##009	18
##kv	18
please	18
1979	18
##che	18
罵	18
洌	18
061	18
頓	18
##016	18
##yan	18
##lic	18
##du	18
窩	18
咵	18
舂	18
##ace	18
##cd	18
##ow	17
揹	17
礎	17
瀣	17
##gt	17
ﾟ	17
衛	17
##od	17
l1	17
8gb	17
1905	17
麝	17
谟	17
kpi	17
棰	17
##cn	17
翌	17
##oc	17
1870	17
kim	17
1926	17
025	17
贲	17
規	17
let	17
鳏	17
悶	17
馃	17
榫	17
燻	17
蘋	17
唅	17
槁	17
褲	17
river	17
煐	17
off	17
ろ	17
nas	17
ょ	17
##tp	17
逄	17
佃	17
恏	17
怿	17
##su	17
sea	17
眭	17
395	17
箬	17
衽	17
焓	17
ｒ	17
rss	17
ロ	17
虢	17
辭	17
##ell	17
##mc	17
##ice	17
稣	17
gold	17
蓖	17
die	17
尒	17
埗	17
##nap	17
##nan	17
xdd	17
垆	17
薙	17
city	17
yi	17
‧	17
hpv	17
ت	17
圻	17
蟲	17
tiffany	17
##hs	17
檢	17
僅	17
bh	17
bell	17
僭	17
賞	17
α	17
堀	17
##jy	17
##a1	17
visa	17
蕲	17
wilson	17
烃	16
鲼	16
缛	16
檎	16
##ep	16
find	16
fish	16
鳇	16
鲀	16
卍	16
moon	16
##ja	16
殘	16
##tb	16
腸	16
軍	16
牽	16
齡	16
mail	16
blue	16
檔	16
382	16
孢	16
bi	16
楔	16
陉	16
蛱	16
fit	16
鉄	16
bang	16
294	16
歃	16
塬	16
齒	16
dom	16
1982	16
004	16
攉	16
粳	16
ultra	16
糧	16
1945	16
タ	16
埕	16
攮	16
項	16
蹁	16
np	16
cheese	16
453	16
裨	16
辇	16
ef	16
##ax	16
co2	16
##lla	16
##ation	16
閱	16
##ek	16
cho	16
1871	16
镛	16
杓	16
曉	16
廳	16
虧	16
api	16
5mm	16
玠	16
讠	16
噁	16
倉	16
汩	16
溼	16
崆	16
4l	16
嵛	16
峤	16
ก	16
勵	16
疟	16
铩	16
賺	16
##per	16
駕	16
鲣	16
嘠	16
в	16
ร	16
θ	16
獎	16
485	16
蠹	16
舺	16
ipo	16
ヒ	15
積	15
餸	15
糌	15
骠	15
##a2	15
crystal	15
鶸	15
抔	15
⋅	15
##vy	15
縮	15
##wa	15
hill	15
##iki	15
##og	15
roger	15
鬱	15
崙	15
rna	15
##ws	15
煙	15
執	15
薜	15
##ec	15
838	15
滅	15
##ine	15
鹚	15
1919	15
joseph	15
##ise	15
face	15
1890	15
027	15
尷	15
颛	15
des	15
載	15
fresh	15
##net	15
莳	15
##nes	15
##hing	15
凍	15
栲	15
夔	15
1930	15
钹	15
齊	15
騰	15
镝	15
诂	15
褴	15
1983	15
險	15
埼	15
倥	15
溱	15
顼	15
1950	15
镬	15
1935	15
闾	15
渑	15
儘	15
畀	15
##ers	15
##tz	15
蚺	15
##fer	15
唞	15
鎖	15
溝	15
缟	15
cafe	15
嗙	15
卄	15
圄	15
##ting	15
##erson	15
衾	15
nokia	15
託	15
缑	15
洧	15
341	15
椋	15
##ett	15
##pu	15
##stle	15
sns	15
##pro	15
master	15
楦	15
five	15
its	15
憷	15
珥	15
β	15
缶	15
癍	15
蝤	15
俣	15
skin	15
缷	15
锨	15
罍	15
懸	15
276	15
mpv	15
ibm	15
窮	15
##rdon	15
##ger	15
black	14
黟	14
ⅲ	14
ｆ	14
肫	14
joy	14
##nny	14
㎡	14
聞	14
want	14
蘅	14
fire	14
lock	14
胫	14
³	14
麥	14
､	14
##nne	14
∠	14
1898	14
1886	14
073	14
made	14
set	14
##2c	14
jennifer	14
lost	14
sylvia	14
itunes	14
##hg	14
｣	14
##lton	14
rick	14
##lor	14
think	14
studio	14
##lm	14
ir	14
https	14
20mm	14
edge	14
##ou	14
cosplay	14
##art	14
纂	14
band	14
jean	14
##we	14
##uy	14
land	14
outlet	14
蒐	14
龈	14
##mark	14
##stin	14
ㄐ	14
add	14
##ston	14
melody	14
brand	14
苡	14
ｌ	14
菰	14
##ding	14
腓	14
е	14
mod	14
red	14
outlook	14
update	14
hall	14
∵	14
呿	14
驽	14
槭	14
尜	14
蠓	14
廚	14
矽	14
椪	14
淝	14
劼	14
鏡	14
楊	14
廢	14
浈	14
陳	14
飨	14
珙	14
焼	14
醛	14
疱	14
擾	14
瓠	14
杲	14
砵	14
谳	14
僖	14
潛	14
増	14
牍	14
誌	14
奮	14
擋	14
鸬	14
琇	14
侘	14
憐	14
392	13
農	13
枋	13
栉	13
spark	13
獄	13
櫈	13
##tina	13
ｚ	13
痤	13
鋼	13
製	13
暸	13
侶	13
玳	13
866	13
徹	13
phone	13
揮	13
4gb	13
long	13
エ	13
チ	13
囟	13
谮	13
life	13
虬	13
眾	13
##ak	13
##lr	13
ｊ	13
蛉	13
kbs	13
##ov	13
▇	13
殳	13
﹗	13
閉	13
镉	13
呡	13
钤	13
葉	13
1gb	13
禍	13
##bo	13
##ama	13
dha	13
诹	13
疥	13
菻	13
dell	13
腈	13
篙	13
嗵	13
薩	13
偈	13
鲇	13
gps	13
屾	13
觸	13
歸	13
癜	13
1389	13
342	13
椴	13
ㄎ	13
tea	13
鬥	13
##ern	13
耧	13
荄	13
1882	13
婠	13
wing	13
1976	13
捭	13
謊	13
##oa	13
wd	13
芗	13
瘊	13
##ini	13
power	13
胴	13
wall	13
淺	13
vim	13
##rn	13
擁	13
惱	13
鹾	13
鹩	13
赧	13
扌	13
屛	13
潑	13
霑	13
痱	13
io	13
±	13
##2010	13
註	13
レ	13
痺	13
镕	13
yin	13
##kb	13
嘖	12
痠	12
##lp	12
##ull	12
焮	12
唦	12
椤	12
box	12
僦	12
鄯	12
name	12
##uel	12
##ina	12
##ame	12
詳	12
趔	12
##ara	12
##cher	12
孀	12
##are	12
鲞	12
##rf	12
camp	12
訓	12
uniqlo	12
▬	12
铽	12
橛	12
凫	12
mtv	12
##tee	12
##lv	12
##ctor	12
呣	12
俜	12
扥	12
##lt	12
棹	12
follow	12
砟	12
asp	12
##pi	12
##town	12
宮	12
alpha	12
犰	12
轸	12
397	12
嗉	12
า	12
##lia	12
##sse	12
##las	12
soul	12
team	12
酰	12
##tm	12
##ler	12
1885	12
##end	12
蓮	12
##ello	12
昝	12
恵	12
玢	12
秣	12
thinkpad	12
apec	12
##fun	12
open	12
ⅹ	12
ν	12
white	12
##ase	12
lte	12
搥	12
##fl	12
婞	12
ο	12
online	12
##cket	12
φ	12
偬	12
b12	12
墾	12
対	12
##sky	12
孛	12
ⅴ	12
013	12
呎	12
坭	12
｢	12
螭	12
1973	12
hdmi	12
pink	12
笪	12
demo	12
奀	12
##2014	12
幣	12
佧	12
眀	12
##vin	12
1996	12
ニ	12
##xp	12
1956	12
吿	12
浉	12
饧	12
コ	12
蘇	12
氡	12
##mu	12
氖	12
jordan	12
867	12
階	12
拋	12
嵇	12
ワ	12
ian	12
镓	12
镵	12
龜	12
氾	12
##mar	12
飾	12
赉	12
##ways	12
仵	12
##2011	12
023	12
鋒	12
妣	12
457	12
##014	12
อ	11
##fr	11
л	11
鴨	11
オ	11
##nce	11
space	11
book	11
rf	11
萏	11
с	11
##shop	11
柺	11
滏	11
128gb	11
篌	11
崮	11
##tl	11
訊	11
1901	11
gis	11
鵰	11
##less	11
##tor	11
鹋	11
潔	11
louis	11
蟆	11
##zo	11
笤	11
024	11
##dm	11
魯	11
non	11
塍	11
槊	11
##tan	11
##ella	11
猱	11
talk	11
劉	11
019	11
鸲	11
蒗	11
bas	11
##yo	11
1889	11
濛	11
儍	11
樹	11
##del	11
モ	11
猊	11
bob	11
サ	11
檄	11
峄	11
喑	11
鳳	11
箸	11
橫	11
hit	11
驅	11
瑁	11
榉	11
ios9	11
teddy	11
##yer	11
##erry	11
º	11
鬏	11
嗐	11
炔	11
##wer	11
筚	11
砷	11
##her	11
more	11
1b	11
彎	11
##ana	11
鲉	11
huang	11
bus	11
##lone	11
狳	11
缢	11
誕	11
纏	11
鹗	11
鲽	11
1916	11
椁	11
jonathan	11
殁	11
##vo	11
##act	11
膩	11
006	11
绦	11
膽	11
禪	11
硐	11
##hp	11
##ri	11
davis	11
html5	11
弢	11
##vd	11
cb	11
祆	11
moto	11
##ain	11
##love	11
vcd	11
郇	11
∴	11
鸶	11
##ning	11
last	11
##tu	11
##ile	11
cover	11
model	11
靑	11
##ast	11
氹	11
##tto	11
铌	11
vm	11
##nic	11
akb48	11
##vr	11
rock	11
蘿	11
熳	11
12345678910	11
##ike	11
菘	11
溆	11
閨	11
薨	11
##ree	11
591	10
1884	10
009	10
螓	10
mount	10
靼	10
##nter	10
牆	10
賠	10
愎	10
##ens	10
黉	10
##zl	10
##ins	10
tower	10
擠	10
飏	10
擘	10
005	10
韓	10
鸸	10
##ir	10
##rk	10
丷	10
蛴	10
収	10
邏	10
##ze	10
鹡	10
哙	10
var	10
钐	10
qi	10
媾	10
泅	10
host	10
##sis	10
悪	10
翦	10
ftp	10
chen	10
郄	10
冚	10
##food	10
療	10
叡	10
##rp	10
蚰	10
锒	10
邴	10
戕	10
beyond	10
觜	10
ver	10
##set	10
##sha	10
婦	10
##im	10
bye	10
##ery	10
墉	10
灑	10
##ode	10
men	10
瑀	10
focus	10
挈	10
茚	10
و	10
螽	10
呾	10
075	10
##ate	10
help	10
##aw	10
徇	10
筲	10
##well	10
權	10
##wen	10
dhl	10
##by	10
1943	10
狺	10
##cat	10
姮	10
##les	10
gigi	10
﹒	10
徵	10
lofter	10
т	10
london	10
荇	10
##lle	10
##ment	10
蔴	10
浥	10
踫	10
kai	10
##ag	10
##vc	10
##ost	10
##vel	10
1tb	10
##view	10
禛	10
gui	10
1917	10
jones	10
蝮	10
kit	10
##ving	10
shirt	10
筘	10
葑	10
変	10
埸	10
歓	10
##lc	10
痢	10
籼	10
蓭	10
鍛	10
葶	10
夼	10
store	10
セ	10
圜	10
馇	10
錶	10
piece	10
沕	10
怍	10
娛	10
coc	10
##n2	10
軌	10
ケ	10
##dc	10
霂	10
艶	10
1894	10
韮	10
##cia	10
鸰	10
攴	10
color	10
##ym	10
ム	10
swatch	10
桁	9
瑠	9
##lon	9
捜	9
supreme	9
災	9
蔥	9
咹	9
elle	9
谰	9
no1	9
pay	9
##now	9
創	9
慬	9
nhk	9
笳	9
##key	9
姒	9
烺	9
奌	9
sep	9
瑯	9
1927	9
ford	9
queen	9
run	9
溴	9
豕	9
劭	9
邁	9
1840	9
餘	9
曽	9
煕	9
o2o	9
飑	9
##ist	9
##lee	9
##ock	9
report	9
罅	9
##pn	9
right	9
捩	9
dear	9
勳	9
smart	9
卮	9
頑	9
盜	9
锷	9
皛	9
##mma	9
辻	9
桫	9
##o2	9
some	9
癢	9
镒	9
蓠	9
6l	9
揺	9
✰	9
##ument	9
##unch	9
隱	9
怱	9
back	9
埌	9
弭	9
揚	9
bad	9
甦	9
ball	9
兎	9
塗	9
yoga	9
敵	9
帳	9
毂	9
垓	9
諾	9
恥	9
☼	9
兲	9
xbox	9
##sn	9
menu	9
悅	9
##ever	9
##ew	9
huawei	9
袪	9
撲	9
鮟	9
诨	9
偉	9
canon	9
ㄝ	9
搧	9
芩	9
鱇	9
阗	9
帔	9
欅	9
寬	9
lim	9
link	9
015	9
ا	9
喚	9
祜	9
蠖	9
涙	9
inc	9
鲌	9
у	9
м	9
##chi	9
黩	9
apps	9
莨	9
apt	9
瓴	9
window	9
淠	9
緩	9
廠	9
佞	9
##sen	9
織	9
瘌	9
嚕	9
walker	9
##xon	9
##rus	9
納	9
鳙	9
観	9
洸	9
猇	9
iptv	9
##hai	9
翾	9
窠	9
cake	9
16gb	9
##hop	9
274	9
canada	9
胪	9
佤	9
iis	9
悽	9
welcome	9
wii	9
冫	9
min	9
钡	9
钆	9
鲩	9
郢	9
hip	8
粧	8
adsl	8
撐	8
##ver	8
hero	8
笕	8
亇	8
烝	8
璘	8
day4	8
苼	8
data	8
ュ	8
尙	8
863	8
簷	8
ㄔ	8
##ller	8
santa	8
衝	8
贶	8
赈	8
897	8
鹇	8
1911	8
1946	8
屣	8
##ola	8
仫	8
##ab	8
蜞	8
挼	8
胄	8
##2d	8
╧	8
銷	8
島	8
烜	8
鲻	8
癿	8
攤	8
亜	8
氅	8
枱	8
弔	8
璁	8
seo	8
##aka	8
1937	8
age	8
##ug	8
敕	8
銅	8
her	8
1921	8
舢	8
##mate	8
200mm	8
殂	8
藠	8
##uma	8
阊	8
##van	8
⑩	8
鳉	8
刂	8
social	8
嶋	8
蔘	8
椽	8
week	8
湎	8
蟮	8
wei	8
琯	8
##ray	8
哚	8
##fo	8
漸	8
纛	8
williams	8
睜	8
net	8
婥	8
苎	8
锔	8
塵	8
锑	8
谒	8
穂	8
菂	8
bot	8
##ino	8
toyota	8
琤	8
##rey	8
瞢	8
濃	8
fox	8
##hm	8
墒	8
瘢	8
##ien	8
憑	8
墊	8
訪	8
vogue	8
蕭	8
vsc	8
翕	8
＠	8
髒	8
懆	8
##np	8
##ink	8
潰	8
霧	8
##py	8
実	8
麺	8
##lar	8
ㄨ	8
к	8
炁	8
##ons	8
pony	8
損	8
觍	8
list	8
ل	8
##let	8
煉	8
391	8
ling	8
潤	8
##tr	8
1909	8
垅	8
跞	8
徂	8
満	8
ipv6	8
##com	8
how	8
祚	8
##nnis	8
闱	8
nikon	8
##dra	8
##tar	8
違	8
zero	8
##dia	8
淏	8
nova	8
箪	8
hotel	8
驕	8
咴	8
橋	8
闊	8
icon	7
籃	7
撿	7
攫	7
ice	7
顸	7
囷	7
1947	7
莊	7
辎	7
##wo	7
搖	7
跡	7
old	7
##ple	7
売	7
瓿	7
喪	7
喟	7
1895	7
蔔	7
堺	7
暝	7
跐	7
啟	7
昩	7
##ste	7
蟊	7
full	7
墁	7
final	7
##shi	7
##rea	7
趄	7
##ro	7
##res	7
lab	7
旒	7
潵	7
胛	7
蝽	7
##wf	7
蹽	7
##ore	7
畦	7
1938	7
噺	7
pchome	7
畿	7
edm	7
辊	7
呙	7
曆	7
##ust	7
躍	7
荬	7
荳	7
呪	7
##pan	7
濱	7
enter	7
##uc	7
##pd	7
旃	7
奧	7
坼	7
yahoo	7
栢	7
彌	7
歳	7
娿	7
戢	7
after	7
诰	7
鲆	7
⇒	7
醮	7
懼	7
№	7
琲	7
秫	7
媜	7
桕	7
ces	7
憤	7
﹟	7
cctv	7
tvbs	7
##ig	7
鲐	7
##ala	7
type	7
詭	7
獴	7
禇	7
禚	7
黜	7
毳	7
佺	7
臨	7
臟	7
臜	7
##ader	7
腎	7
釦	7
##kw	7
栊	7
玙	7
code	7
弾	7
浼	7
zen	7
##kit	7
##kin	7
##if	7
uber	7
抜	7
楓	7
г	7
wind	7
楫	7
楮	7
##ev	7
bing	7
恽	7
aug	7
淨	7
august	7
##count	7
鄄	7
##ene	7
榮	7
儀	7
蛸	7
魈	7
稗	7
槺	7
恆	7
鄰	7
秾	7
ж	7
under	7
##fx	7
慫	7
偽	7
##bs	7
393	7
傢	7
燙	7
愔	7
谥	7
ม	7
village	7
嬿	7
##gin	7
徭	7
珽	7
铙	7
##chat	7
##gas	7
檞	7
缂	7
water	7
р	7
鳎	7
蕞	7
帯	7
鎮	7
抺	7
ㄦ	7
鑽	7
諷	7
績	7
柃	7
饃	7
ィ	7
苷	7
溲	7
ウ	7
##nel	7
匯	7
仉	7
汭	7
苫	7
ナ	7
貪	7
幇	7
qr	7
苤	7
迤	7
挌	7
笄	7
ヤ	7
泐	7
マ	7
##nda	7
綿	7
庋	7
挛	7
￡	7
氿	7
鹮	7
鹵	7
芘	7
奪	7
smith	7
餍	7
猡	7
cpi	7
辶	7
沢	7
cream	7
編	7
柊	7
賓	7
む	7
ㄜ	7
枇	7
繇	7
謙	7
น	6
angel	6
ㄕ	6
##zzi	6
##zu	6
ㄤ	6
阝	6
櫃	6
ч	6
檩	6
##cha	6
щ	6
##cer	6
搐	6
ㄣ	6
##top	6
ぬ	6
﹄	6
icloud	6
蹧	6
make	6
揑	6
##dk	6
瀟	6
##db	6
¼	6
##ther	6
##dar	6
铵	6
僱	6
苌	6
鹛	6
酆	6
坩	6
auto	6
ζ	6
鑒	6
纟	6
##cks	6
蒴	6
缌	6
擡	6
澶	6
㗎	6
longchamp	6
apk	6
苁	6
›	6
崟	6
╬	6
鈴	6
蹀	6
蘖	6
撈	6
庝	6
鋪	6
嘩	6
彊	6
玚	6
action	6
囬	6
澀	6
##ald	6
斬	6
鲧	6
絨	6
鳴	6
摟	6
廪	6
踭	6
汏	6
讫	6
畑	6
黙	6
johnson	6
ぃ	6
︰	6
継	6
氩	6
垡	6
綜	6
蒼	6
磚	6
瀉	6
嗥	6
磴	6
亠	6
圮	6
畚	6
##tti	6
鸷	6
‹	6
adidas	6
沩	6
‰	6
##try	6
##ber	6
##ble	6
徑	6
intel	6
肜	6
玡	6
猶	6
蒾	6
ャ	6
##ass	6
ホ	6
##ary	6
譞	6
again	6
欹	6
紥	6
##uch	6
荍	6
詢	6
钼	6
##tax	6
double	6
swift	6
sunday	6
遙	6
research	6
扦	6
1893	6
驟	6
杷	6
館	6
豸	6
close	6
coffee	6
##ky	6
##ool	6
##lax	6
姽	6
##mn	6
効	6
tab	6
餡	6
##ish	6
##ond	6
驺	6
暁	6
fgo	6
three	6
蚴	6
##rain	6
shop	6
萊	6
豐	6
暍	6
news	6
剡	6
cindy	6
赁	6
tbs	6
read	6
##don	6
1902	6
diary	6
罴	6
##ling	6
sci	6
soc	6
竦	6
勰	6
opera	6
匮	6
柝	6
枓	6
抟	6
1929	6
駁	6
馿	6
捄	6
蜣	6
share	6
school	6
erp	6
##light	6
sata	6
卬	6
烏	6
镏	6
##lent	6
##port	6
頋	6
逯	6
salvatore	6
逡	6
special	6
勍	6
柩	6
勖	6
暾	6
眛	6
剋	6
瑤	6
##ona	6
whatsapp	6
奡	6
port	6
1974	6
##field	6
監	6
耔	6
锗	6
##ful	6
鬍	6
##fw	6
##ney	6
rar	6
唵	6
輝	6
was	6
萘	6
##est	6
post	6
wang	6
1971	6
##talk	6
##tal	6
児	6
溻	6
##een	6
1960	6
兕	6
孫	6
昳	6
32gb	6
構	6
dragon	6
箧	6
##star	6
##nia	6
best	6
箘	6
watch	6
慝	6
嫫	6
瘙	6
镗	6
邗	6
##nch	6
msi	6
慱	6
plc	6
吳	6
##ico	6
music	6
1948	6
蚨	6
food	6
凱	6
png	6
trump	6
buy	6
2gb	6
瓒	6
break	6
##oi	6
vol	6
von	6
##gen	6
div	5
炘	5
辚	5
瑭	5
dac	5
钔	5
镆	5
1957	5
钅	5
1944	5
帏	5
镪	5
撫	5
纡	5
1952	5
1936	5
縱	5
迓	5
姁	5
镡	5
閑	5
7x24	5
姉	5
撚	5
辔	5
阋	5
羣	5
挷	5
縫	5
耵	5
迳	5
岞	5
徬	5
铗	5
296	5
醚	5
愰	5
蟳	5
埽	5
掙	5
犴	5
gogoro	5
绲	5
first	5
蓂	5
check	5
遽	5
墈	5
锘	5
揿	5
聍	5
bag	5
鄧	5
軒	5
珧	5
孳	5
怩	5
揆	5
珵	5
15058	5
铯	5
酔	5
籹	5
裇	5
忝	5
闖	5
戸	5
襪	5
0755	5
1906	5
姫	5
濟	5
廂	5
壽	5
岈	5
獲	5
has	5
濞	5
庫	5
︵	5
糢	5
庠	5
1918	5
hbl	5
摭	5
class	5
屃	5
family	5
埜	5
轳	5
闕	5
荦	5
acg	5
躅	5
壯	5
釭	5
経	5
1903	5
濫	5
1904	5
玆	5
common	5
##ral	5
human	5
咄	5
ф	5
other	5
滠	5
鮰	5
債	5
傾	5
##other	5
呑	5
paul	5
##cle	5
僕	5
涸	5
##ction	5
##cus	5
photoshop	5
##ong	5
##ome	5
##dge	5
##oman	5
吲	5
##oid	5
zone	5
兇	5
##eg	5
吚	5
##ent	5
##eo	5
贈	5
朶	5
ь	5
م	5
殼	5
齑	5
覽	5
##rence	5
哬	5
浬	5
俟	5
##rect	5
俠	5
##all	5
⊥	5
赜	5
netflix	5
倶	5
诮	5
next	5
哊	5
##que	5
欤	5
##px	5
詛	5
nov	5
赑	5
傑	5
傘	5
韻	5
癥	5
##can	5
ocean	5
##pper	5
##card	5
矯	5
颡	5
颱	5
##nger	5
匚	5
##low	5
shift	5
##ht	5
##hua	5
骢	5
##llo	5
刈	5
勸	5
skype	5
ul	5
梃	5
柰	5
貍	5
##ies	5
刭	5
##ima	5
柽	5
##lam	5
stone	5
sui	5
劢	5
switch	5
竜	5
豈	5
there	5
腭	5
tesla	5
tcp	5
骶	5
凪	5
処	5
貫	5
##eting	5
飔	5
works	5
work	5
賢	5
women	5
##ez	5
west	5
瞾	5
饅	5
##get	5
##mhz	5
枘	5
渋	5
枨	5
vera	5
眇	5
蕈	5
笏	5
笊	5
販	5
saint	5
凖	5
単	5
##mann	5
##home	5
協	5
枧	5
►	5
癮	5
豎	5
ネ	5
##vis	5
礙	5
踯	5
踺	5
芪	5
喓	5
##wan	5
芼	5
汎	5
氷	5
汚	5
伛	5
礤	5
##the	5
鳐	5
碩	5
##wn	5
##wood	5
mango	5
ぇ	5
##tive	5
local	5
##wt	5
##tra	5
沔	5
隹	5
嘍	5
蝦	5
##ula	5
洰	5
譜	5
ョ	5
law	5
level	5
謦	5
艱	5
ヨ	5
嗍	5
##2007	5
##val	5
洹	5
疃	5
喯	5
沬	5
茔	5
簑	5
mega	5
◤	5
message	5
諦	5
毬	5
♫	5
澪	5
誐	5
甴	5
毖	5
乂	5
硖	5
啀	5
潆	5
謀	5
##side	5
擬	5
##sent	5
髂	4
豊	4
嶼	4
湜	4
##gle	4
磻	4
鹹	4
bt	4
郃	4
##hat	4
瞹	4
棧	4
剉	4
鎗	4
##ick	4
椇	4
繪	4
tel	4
﹐	4
崁	4
ミ	4
繞	4
楪	4
chris	4
冨	4
冪	4
web	4
＄	4
猋	4
瞽	4
wade	4
##gc	4
竅	4
猓	4
##ggle	4
蘆	4
that	4
title	4
##hip	4
湓	4
誼	4
##ings	4
芾	4
嫘	4
鹘	4
canmake	4
丄	4
true	4
苊	4
缵	4
纕	4
礻	4
##ier	4
unix	4
card	4
訏	4
##ial	4
锛	4
巻	4
unit	4
瞠	4
礡	4
慒	4
ㄙ	4
緻	4
ㄗ	4
鏈	4
礦	4
嬗	4
芣	4
琎	4
##isa	4
##ira	4
慊	4
両	4
鹣	4
謠	4
芨	4
嫪	4
top100	4
##hone	4
##how	4
沚	4
弁	4
冋	4
鍾	4
禠	4
欬	4
##ats	4
鲰	4
佥	4
##ave	4
碇	4
側	4
黼	4
黾	4
偸	4
铑	4
櫻	4
佌	4
葙	4
佈	4
審	4
戝	4
犮	4
เ	4
铕	4
ن	4
犧	4
舴	4
寛	4
##ata	4
醭	4
ⅵ	4
acer	4
鉛	4
侷	4
毐	4
鈍	4
硊	4
##ae	4
##aft	4
☉	4
硇	4
鲦	4
硁	4
臘	4
∈	4
俤	4
砻	4
鲊	4
砬	4
彔	4
砦	4
狎	4
銭	4
##ano	4
∫	4
##ape	4
я	4
徴	4
ю	4
##ect	4
儁	4
##deo	4
錦	4
紐	4
牖	4
ゥ	4
広	4
zoom	4
##dn	4
磙	4
##ean	4
侪	4
ə	4
艷	4
恚	4
魃	4
##2f	4
錾	4
洳	4
読	4
矸	4
wwdc	4
锏	4
爿	4
薈	4
橐	4
葧	4
酡	4
ы	4
ъ	4
伈	4
п	4
傩	4
傫	4
酹	4
ゆ	4
鴻	4
##cil	4
舾	4
##cker	4
仡	4
ρ	4
ξ	4
譽	4
铫	4
酐	4
λ	4
紗	4
蠊	4
狻	4
η	4
葯	4
魆	4
睑	4
驲	4
雚	4
ping	4
##ood	4
east	4
eb	4
ebay	4
##ope	4
##time	4
跘	4
1940	4
辋	4
##ort	4
啻	4
昃	4
##ory	4
夬	4
paypal	4
1934	4
曱	4
##ova	4
##over	4
##tant	4
滒	4
planet	4
1922	4
奓	4
镘	4
炤	4
賦	4
##tter	4
1972	4
##nis	4
賭	4
颞	4
##nos	4
嗆	4
喾	4
girls	4
觚	4
1954	4
##tle	4
镤	4
1953	4
##of	4
瀏	4
築	4
##oh	4
痳	4
##pass	4
疝	4
筼	4
##qi	4
趙	4
晡	4
faq	4
脣	4
轭	4
fda	4
##rma	4
繩	4
襲	4
墮	4
##raph	4
mountain	4
瘿	4
箅	4
掊	4
蜺	4
唁	4
msg	4
箓	4
翥	4
癔	4
輛	4
ott	4
韡	4
##pc	4
関	4
order	4
1915	4
閣	4
1914	4
##ping	4
1910	4
etf	4
1908	4
漿	4
暼	4
癯	4
1907	4
oct	4
咜	4
羮	4
暪	4
null	4
韪	4
mhz	4
搗	4
##rent	4
蝥	4
糇	4
囃	4
駛	4
sport	4
瑣	4
##life	4
罰	4
駅	4
074	4
嚨	4
柟	4
jose	4
蟞	4
seven	4
焌	4
##lts	4
摺	4
眬	4
茺	4
sao	4
逶	4
簟	4
company	4
圬	4
剰	4
icp	4
螟	4
湲	4
holiday	4
club	4
攔	4
蕡	4
##yi	4
ssh	4
ios10	4
扡	4
##kins	4
栌	4
##ye	4
step2	4
攵	4
籠	4
samsung	4
##lling	4
賛	4
##ung	4
##und	4
疍	4
肸	4
##ugh	4
搾	4
杪	4
賀	4
卩	4
##ude	4
digital	4
埝	4
饞	4
埒	4
ddd	4
噓	4
澂	4
甏	4
##mit	4
斎	4
厍	4
##ux	4
sale	4
枒	4
##rth	3
巭	3
掮	3
錫	3
銘	3
謇	3
譲	3
搕	3
廸	3
覓	3
採	3
##row	3
掞	3
跣	3
巛	3
莛	3
濉	3
诔	3
绨	3
擱	3
钌	3
葇	3
擴	3
肅	3
攏	3
鈕	3
ｯ	3
搵	3
荭	3
翹	3
##you	3
##rman	3
諧	3
耖	3
晳	3
脇	3
##vm	3
##tch	3
##ten	3
茌	3
蒨	3
##tes	3
荛	3
舘	3
##ville	3
誘	3
銹	3
##tions	3
蒌	3
##vice	3
沷	3
##tings	3
##tional	3
##verse	3
0800	3
跫	3
##sit	3
讵	3
##wing	3
敎	3
##tore	3
掻	3
聴	3
汫	3
耪	3
澔	3
脘	3
##ssion	3
##sun	3
芰	3
撄	3
肼	3
汜	3
昐	3
氐	3
衤	3
捈	3
狛	3
訣	3
##load	3
溘	3
##lux	3
貧	3
迕	3
梶	3
拤	3
##hin	3
燭	3
棗	3
燹	3
##may	3
込	3
拫	3
##mine	3
罾	3
褫	3
##ming	3
##mini	3
椐	3
杩	3
爐	3
杧	3
楛	3
賜	3
##firm	3
##nder	3
裉	3
##ndi	3
谖	3
迴	3
焢	3
浯	3
扞	3
戻	3
遷	3
##jin	3
擐	3
桄	3
##iu	3
##ity	3
##ito	3
戋	3
遜	3
湳	3
##ite	3
懺	3
扙	3
罂	3
##lls	3
##ire	3
腠	3
懡	3
懐	3
##led	3
熲	3
煑	3
憝	3
扺	3
燉	3
柤	3
##ical	3
##lina	3
##lio	3
悌	3
榀	3
##nge	3
﹚	3
曛	3
##cel	3
檵	3
脩	3
遯	3
犭	3
櫆	3
欄	3
膄	3
暢	3
##back	3
##pus	3
##put	3
茝	3
襯	3
炟	3
暐	3
##ash	3
##rade	3
捥	3
轫	3
羶	3
轟	3
灘	3
赝	3
晸	3
菝	3
晷	3
狑	3
釣	3
##oz	3
酲	3
1924	3
##own	3
1965	3
牀	3
恫	3
##note	3
##ement	3
袿	3
##ob	3
袴	3
##ein	3
恓	3
1951	3
##dom	3
##dog	3
挢	3
樸	3
詌	3
##oon	3
曷	3
##ora	3
橼	3
詐	3
牤	3
酎	3
##ose	3
1932	3
##ough	3
忸	3
涴	3
忭	3
屢	3
泺	3
march	3
勝	3
sql	3
蕗	3
start	3
buffet	3
bruce	3
睏	3
竑	3
劍	3
body	3
target	3
剷	3
blog	3
test	3
竊	3
bin	3
剎	3
tiger	3
骀	3
today	3
span	3
sogo	3
皺	3
soft	3
chicken	3
change	3
radio	3
飼	3
reader	3
餠	3
rgb	3
center	3
媵	3
饒	3
ccd	3
cbs	3
room	3
science	3
眫	3
secret	3
sense	3
sgs	3
勹	3
tokyo	3
睪	3
骎	3
beautiful	3
髡	3
髫	3
髭	3
穰	3
wish	3
world	3
蚣	3
铘	3
蕹	3
稹	3
铒	3
xyz	3
蚋	3
years	3
蠶	3
铋	3
york	3
youtube	3
魟	3
髌	3
vps	3
vincent	3
锊	3
trip	3
bear	3
窬	3
睺	3
twice	3
刧	3
bank	3
骘	3
刕	3
蕩	3
b2c	3
铷	3
united	3
unity	3
usd	3
asus	3
髁	3
armani	3
盞	3
皞	3
鮍	3
inn	3
island	3
簨	3
囂	3
墻	3
fast	3
噹	3
fantasy	3
壇	3
facebook	3
隗	3
june	3
噃	3
express	3
kiehl	3
exchange	3
嘆	3
疔	3
english	3
閘	3
墘	3
font	3
plaza	3
螫	3
堙	3
螵	3
籴	3
gp	3
grand	3
garden	3
埤	3
game	3
埚	3
head	3
heart	3
herme	3
垕	3
垌	3
francis	3
hotmail	3
甡	3
http	3
force	3
log	3
痉	3
蜾	3
edward	3
蓊	3
锾	3
oil	3
creative	3
癱	3
蓆	3
筯	3
呺	3
頗	3
姸	3
発	3
pack	3
pepper	3
瑢	3
蟪	3
顎	3
呂	3
筊	3
顛	3
姖	3
镃	3
鞴	3
miller	3
喁	3
霊	3
啋	3
箥	3
dos	3
donald	3
奭	3
唼	3
镙	3
dark	3
moba	3
motel	3
deep	3
ddos	3
nand	3
never	3
蟛	3
date	3
zenfone	3
堉	3
∣	3
崞	3
秕	3
≌	3
鰟	3
б	3
∷	3
禿	3
ㄠ	3
鮨	3
access	3
χ	3
τ	3
鵟	3
玗	3
綉	3
γ	3
硏	3
ユ	3
钪	3
鹁	3
傈	3
ي	3
ย	3
絆	3
俦	3
龔	3
俫	3
ᄏ	3
ㄆ	3
ة	3
絃	3
岽	3
ᵍ	3
崤	3
薷	3
衕	3
岜	3
鸺	3
僾	3
∥	3
億	3
鷉	3
ソ	3
黐	3
ⅰ	3
虿	3
仏	3
崗	3
ː	3
ⁱ	3
峇	3
侓	3
ʰ	3
禟	3
ⅳ	3
鹓	3
ago	3
佫	3
鲺	3
喥	2
啓	2
magic	2
箦	2
痼	2
mcu	2
苶	2
艦	2
痈	2
media	2
啈	2
messenger	2
##tis	2
齪	2
鶯	2
昄	2
##tel	2
##ted	2
跖	2
啴	2
maggie	2
跏	2
跗	2
艟	2
痫	2
machine	2
##style	2
##tail	2
##tag	2
巘	2
脔	2
苻	2
鵬	2
##tic	2
ァ	2
箨	2
啭	2
儲	2
metal	2
舎	2
苾	2
靺	2
舯	2
##rder	2
暀	2
哜	2
##rant	2
##rame	2
滹	2
ncc	2
舣	2
暎	2
伧	2
蜩	2
艙	2
哌	2
鞨	2
鞯	2
誗	2
茍	2
notes	2
咶	2
ぁ	2
ntd	2
滯	2
oculus	2
##pop	2
氈	2
mysql	2
箏	2
哿	2
伕	2
metro	2
霪	2
艏	2
唿	2
##shot	2
鴿	2
##ship	2
蘩	2
loading	2
趨	2
鳚	2
瘉	2
靂	2
漲	2
##sch	2
##rum	2
舳	2
mode	2
唣	2
晧	2
漈	2
monte	2
唔	2
##rmin	2
##rley	2
##ris	2
瘓	2
mind	2
kong	2
鷄	2
喬	2
0l	2
垲	2
甙	2
㊣	2
苘	2
垤	2
洎	2
蹺	2
撖	2
ㄥ	2
撥	2
hola	2
胱	2
hostel	2
濆	2
洖	2
ㄞ	2
礓	2
荘	2
籌	2
0020	2
ㄑ	2
苠	2
阒	2
胼	2
螞	2
謹	2
0t	2
蹾	2
摯	2
肭	2
鹽	2
躱	2
甃	2
諱	2
甍	2
諸	2
搛	2
阃	2
莙	2
gopro	2
gpa	2
gpu	2
蘊	2
濤	2
埴	2
泚	2
躞	2
麿	2
黁	2
摀	2
埏	2
甕	2
阇	2
胊	2
阈	2
濩	2
info	2
脅	2
鸻	2
篪	2
荌	2
踦	2
澆	2
疇	2
隰	2
艽	2
疊	2
疋	2
##ume	2
苴	2
鷗	2
隸	2
癬	2
噉	2
korea	2
疒	2
疡	2
篑	2
##tta	2
lenovo	2
嗗	2
疳	2
旰	2
##tors	2
linkedin	2
営	2
沄	2
沖	2
螋	2
沨	2
internet	2
譁	2
圧	2
陏	2
陝	2
澥	2
澤	2
敉	2
陬	2
囩	2
礅	2
団	2
##watch	2
##ven	2
##walk	2
澌	2
脈	2
蝸	2
嚆	2
jing	2
嚀	2
鸱	2
##2009	2
磳	2
亹	2
噯	2
##pods	2
頼	2
頌	2
##ight	2
窺	2
ᵃ	2
刿	2
睩	2
傕	2
##int	2
##cam	2
travel	2
##care	2
##cast	2
##cca	2
##iko	2
ه	2
ᵏ	2
骖	2
傧	2
##cept	2
##ida	2
骙	2
##ich	2
ц	2
瞋	2
檠	2
##ible	2
##chen	2
梱	2
窾	2
鯉	2
臑	2
欍	2
験	2
street	2
驀	2
腘	2
驒	2
swiss	2
劑	2
##king	2
湴	2
黴	2
鼷	2
豝	2
豖	2
##iti	2
##jun	2
鱈	2
##js	2
##bel	2
##jia	2
剣	2
##bike	2
##ize	2
text	2
##ius	2
##bon	2
##itz	2
虺	2
渟	2
use	2
鬻	2
鬈	2
##ese	2
穏	2
穎	2
##core	2
##era	2
診	2
鬘	2
穀	2
˚	2
榼	2
##cr	2
槙	2
##house	2
鼐	2
µ	2
槲	2
槳	2
儂	2
##ear	2
##dget	2
樗	2
樘	2
##dp	2
稜	2
樫	2
##cord	2
穫	2
##ette	2
##con	2
##hoo	2
骼	2
檗	2
##hn	2
傭	2
棁	2
棑	2
version	2
##here	2
瞴	2
video	2
窋	2
凊	2
volvo	2
稅	2
冭	2
僝	2
##flow	2
冖	2
楢	2
##face	2
茳	2
winrar	2
淯	2
with	2
##ather	2
偓	2
step1	2
╳	2
philips	2
photo	2
##ada	2
吷	2
蔹	2
##ade	2
##oka	2
皝	2
筅	2
朒	2
point	2
吣	2
盃	2
##ness	2
##nus	2
##nse	2
笸	2
贅	2
朿	2
颟	2
##night	2
颳	2
飆	2
╱	2
杌	2
飖	2
顔	2
鲚	2
##oot	2
滙	2
omega	2
硗	2
曇	2
诎	2
禱	2
##pad	2
曚	2
浞	2
膪	2
蔲	2
蔵	2
曩	2
禳	2
##ound	2
頹	2
##oto	2
谇	2
筌	2
皁	2
pci	2
呋	2
people	2
诒	2
鲡	2
浤	2
##new	2
盦	2
step	2
skip	2
枵	2
貢	2
倮	2
倷	2
∧	2
##lot	2
競	2
匏	2
givenchy	2
sina	2
##llow	2
蕌	2
##live	2
杙	2
柢	2
倻	2
鲃	2
睉	2
∏	2
駐	2
##lex	2
詠	2
square	2
睎	2
starbucks	2
state	2
season	2
sdk	2
諗	2
枩	2
盧	2
qt	2
秂	2
##aine	2
俥	2
蛩	2
賈	2
脲	2
##mv	2
##als	2
诜	2
##moon	2
餹	2
貶	2
卺	2
倞	2
##mic	2
running	2
##men	2
枙	2
県	2
眏	2
##mand	2
##mall	2
眜	2
##lock	2
巖	2
辮	2
挒	2
幞	2
墳	2
慼	2
弍	2
燄	2
龐	2
媸	2
fed	2
fc2	2
煚	2
奷	2
1975	2
cdma	2
蠼	2
镟	2
葽	2
廾	2
cell	2
瓈	2
幪	2
罟	2
幵	2
蠟	2
罝	2
幷	2
1896	2
1959	2
絞	2
媟	2
缏	2
34e	2
eye	2
瓊	2
帰	2
緯	2
鎚	2
﹍	2
炻	2
蒉	2
camera	2
慓	2
掕	2
煖	2
慚	2
璫	2
capital	2
遄	2
屆	2
carol	2
翃	2
avi	2
嫃	2
dll	2
釵	2
firefox	2
牝	2
狨	2
郤	2
闘	2
紳	2
寢	2
缁	2
闇	2
铟	2
college	2
襞	2
辏	2
chrome	2
廟	2
獣	2
奍	2
镱	2
cio	2
牿	2
夋	2
挿	2
瑅	2
earth	2
emi	2
襕	2
衪	2
夐	2
葜	2
狴	2
綢	2
挹	2
戯	2
apr	2
戡	2
缃	2
婇	2
獻	2
eco	2
綑	2
ecu	2
1913	2
chocolate	2
8591	2
綴	2
瑱	2
緑	2
绠	2
廴	2
娩	2
1955	2
峁	2
anti	2
寃	2
︸	2
岵	2
懮	2
镦	2
捊	2
絵	2
酽	2
忄	2
綁	2
璿	2
錘	2
壺	2
chicago	2
遼	2
袓	2
april	2
chinese	2
岣	2
岢	2
狹	2
嫠	2
1939	2
宀	2
嵖	2
days	2
抝	2
鑲	2
軽	2
benz	2
塩	2
逋	2
锎	2
羕	2
萑	2
燧	2
嵚	2
塱	2
锍	2
輔	2
瀬	2
ads	2
adi	2
妫	2
羟	2
崾	2
耑	2
従	2
瓞	2
鄠	2
釐	2
friend	2
愆	2
孥	2
繃	2
醡	2
転	2
board	2
ajax	2
悧	2
锖	2
booking	2
瀝	2
紡	2
堠	2
揷	2
繖	2
珴	2
dance	2
爌	2
軋	2
紏	2
bigbang	2
6606	2
罽	2
惣	2
嵴	2
塄	2
郾	2
闶	2
蟻	2
crm	2
繆	2
醸	2
瀹	2
frm	2
鎻	2
鎹	2
缫	2
︹	2
fpx	2
帑	2
翬	2
fpga	2
縄	2
纩	2
燔	2
git	2
︺	2
amp	2
嫽	2
鄣	2
california	2
妧	2
fri	2
尛	2
逖	2
蠃	2
鐏	2
鄭	2
弨	2
connect	2
萜	2
缯	2
翮	2
弶	2
玭	2
嬝	2
耆	2
袼	2
珪	2
cache	2
慆	2
锼	2
鬨	1
萩	1
##ead	1
槻	1
榍	1
楯	1
鼩	1
##down	1
彽	1
鬀	1
铦	1
鬲	1
醨	1
犛	1
xml	1
淒	1
醢	1
冑	1
windows7	1
wine	1
樁	1
##eng	1
袆	1
専	1
紞	1
396	1
##ets	1
紛	1
鬯	1
寔	1
稲	1
淩	1
also	1
鬊	1
槡	1
矞	1
兟	1
槪	1
徯	1
榊	1
徼	1
鬅	1
amoled	1
android	1
xperia	1
兌	1
冂	1
酴	1
楱	1
x86	1
犢	1
矻	1
玼	1
徤	1
alexa	1
徧	1
酾	1
榘	1
矼	1
瀍	1
##hang	1
##fit	1
萠	1
tw	1
桲	1
beach	1
渼	1
##ils	1
刬	1
##ime	1
梟	1
渾	1
tree	1
##ince	1
桤	1
##iner	1
谿	1
##ik	1
桴	1
缒	1
##ified	1
鼱	1
骕	1
##iel	1
##ider	1
baidu	1
udn	1
锇	1
刖	1
蠅	1
牚	1
鄹	1
梔	1
紓	1
trc	1
tpp	1
town	1
##ition	1
湦	1
##jing	1
##jiang	1
tech	1
##ject	1
悕	1
郲	1
##ix	1
##ivity	1
bird	1
萚	1
郷	1
tft	1
thai	1
剝	1
beauty	1
thu	1
thunder	1
郿	1
beta	1
##ision	1
牁	1
牂	1
bella	1
鄘	1
##ique	1
骍	1
##ious	1
桡	1
湅	1
university	1
渫	1
髴	1
vista	1
缊	1
凈	1
arduino	1
vive	1
visual	1
椂	1
virtual	1
訕	1
袙	1
##gn	1
椀	1
##graphy	1
棻	1
are	1
椑	1
蕯	1
穻	1
washington	1
髣	1
wed	1
wedding	1
weeks	1
weibo	1
忞	1
淵	1
蕰	1
矂	1
##force	1
応	1
wikipedia	1
application	1
view	1
渉	1
酞	1
怊	1
unt	1
瞞	1
atom	1
怛	1
谫	1
﹥	1
user	1
utc	1
怙	1
骣	1
asia	1
袢	1
珋	1
valley	1
凜	1
谞	1
袛	1
怃	1
牴	1
##hia	1
訢	1
棓	1
宭	1
凐	1
##hen	1
vfm	1
vga	1
缋	1
victoria	1
棨	1
##dot	1
傪	1
魮	1
蒄	1
帻	1
鳘	1
舭	1
氽	1
舨	1
磉	1
蒇	1
祫	1
伝	1
緬	1
碲	1
藟	1
佀	1
佂	1
茈	1
汃	1
讦	1
汋	1
鵑	1
纮	1
鵞	1
鵝	1
誣	1
緺	1
鎬	1
艄	1
汍	1
仮	1
舻	1
浄	1
鴉	1
磔	1
伋	1
鳁	1
佇	1
鵡	1
衎	1
禨	1
茖	1
臢	1
虡	1
硙	1
峽	1
禩	1
臍	1
緞	1
臌	1
緝	1
毌	1
鍥	1
獏	1
禴	1
佾	1
禦	1
佴	1
舄	1
浍	1
祿	1
氚	1
氘	1
鲿	1
鎌	1
氕	1
猺	1
纻	1
〢	1
幛	1
碕	1
幟	1
臬	1
汸	1
苺	1
彴	1
鑣	1
嶏	1
苖	1
㈧	1
㈣	1
ﾞ	1
ㄩ	1
鑼	1
ㄢ	1
ㄡ	1
洏	1
乣	1
纍	1
纔	1
嵯	1
芟	1
繽	1
嶒	1
钇	1
祓	1
巔	1
泶	1
鹟	1
乇	1
諡	1
礽	1
钍	1
泒	1
麴	1
﹂	1
嶷	1
乚	1
繳	1
鹍	1
鑰	1
礌	1
衞	1
纖	1
鸊	1
鷹	1
鷟	1
衒	1
鏟	1
縢	1
縗	1
ｼ	1
縁	1
洶	1
鏊	1
ォ	1
鶵	1
緾	1
帙	1
ヌ	1
鸚	1
芎	1
##2008	1
芚	1
嵫	1
鑠	1
ㄊ	1
嵐	1
帀	1
鐾	1
磞	1
縻	1
亶	1
鐡	1
磩	1
沜	1
磥	1
膦	1
膞	1
峠	1
僥	1
ب	1
ш	1
玊	1
玍	1
х	1
狯	1
##cing	1
##city	1
钫	1
钬	1
钲	1
働	1
κ	1
ι	1
钸	1
檯	1
##cent	1
鉅	1
傚	1
屦	1
##bra	1
絯	1
龢	1
龠	1
櫪	1
絜	1
ر	1
砘	1
祅	1
廻	1
傤	1
##cation	1
衄	1
涶	1
##come	1
侻	1
釘	1
儏	1
##des	1
##desk	1
償	1
醵	1
狃	1
铈	1
##dical	1
airbnb	1
鼙	1
##dium	1
儸	1
airport	1
魷	1
樛	1
儉	1
狆	1
詈	1
address	1
尪	1
彆	1
尢	1
##covery	1
橥	1
鮕	1
僬	1
4066	1
僳	1
鮑	1
虼	1
##dan	1
ɡ	1
彣	1
##box	1
##bow	1
##bor	1
##body	1
⒌	1
⑴	1
8891	1
鲒	1
綵	1
##ale	1
俵	1
砹	1
鋸	1
钘	1
歴	1
値	1
鋤	1
涚	1
詣	1
⒎	1
綷	1
⒏	1
殛	1
殻	1
峂	1
俍	1
▌	1
殢	1
鲗	1
庁	1
##aid	1
▃	1
錮	1
殍	1
総	1
鲕	1
⒐	1
葦	1
##ans	1
歔	1
廛	1
偟	1
偢	1
偣	1
鱸	1
偱	1
屺	1
鰤	1
葖	1
廝	1
##bi	1
##bia	1
葎	1
ᵘ	1
##board	1
⁺	1
##ath	1
岕	1
##ari	1
庥	1
綱	1
歁	1
鋈	1
獦	1
薬	1
ⅷ	1
砜	1
欷	1
獵	1
鲂	1
偑	1
続	1
欵	1
劂	1
貚	1
悩	1
kuso	1
##uard	1
壸	1
ettoday	1
踆	1
斱	1
evernote	1
踐	1
蓧	1
隴	1
篲	1
斫	1
踘	1
嘡	1
斢	1
exe	1
跼	1
龀	1
轾	1
旣	1
嗇	1
雑	1
疸	1
夆	1
epson	1
覑	1
夂	1
leave	1
eric	1
雊	1
language	1
嗪	1
##tus	1
疠	1
lamigo	1
潾	1
隳	1
kic	1
粣	1
噍	1
junior	1
踬	1
壩	1
畾	1
隣	1
##ves	1
畽	1
澉	1
畺	1
粛	1
壊	1
噷	1
壆	1
壅	1
##vas	1
噋	1
龁	1
菪	1
嘧	1
踡	1
expedia	1
嘯	1
explorer	1
##unge	1
襠	1
粜	1
噂	1
轵	1
##ute	1
斃	1
斂	1
蔌	1
engine	1
蝕	1
畠	1
196	1
download	1
##sol	1
箢	1
潄	1
##space	1
镢	1
璕	1
drive	1
昪	1
痾	1
镥	1
跂	1
啞	1
marketing	1
##stry	1
memory	1
昺	1
潟	1
1961	1
挐	1
羧	1
晉	1
挙	1
瘄	1
漶	1
##ses	1
ming	1
镞	1
奵	1
奱	1
dollars	1
##sia	1
1968	1
1967	1
镧	1
market	1
镨	1
潕	1
啿	1
##thing	1
edu	1
夤	1
##tier	1
璺	1
##tin	1
痖	1
喎	1
璽	1
雛	1
1928	1
emba	1
閟	1
旵	1
macbook	1
襌	1
editor	1
啯	1
镩	1
dyson	1
maps	1
map	1
齢	1
##tation	1
璩	1
ed2k	1
main	1
镴	1
eclipse	1
1941	1
##tein	1
##ters	1
ferragamo	1
嚥	1
309b	1
軿	1
塽	1
撃	1
垱	1
fung	1
0mm	1
龉	1
垴	1
垸	1
掾	1
塮	1
垿	1
籿	1
埈	1
摛	1
hair	1
health	1
甛	1
坶	1
垞	1
菍	1
阌	1
hong	1
honda	1
菉	1
濙	1
螬	1
friday	1
hmv	1
籐	1
撦	1
撙	1
撓	1
history	1
籓	1
籣	1
躊	1
莿	1
莾	1
肟	1
gear	1
躭	1
gov	1
濾	1
聡	1
goods	1
籲	1
莦	1
堞	1
global	1
軀	1
搆	1
肀	1
搒	1
搦	1
濶	1
蓷	1
搿	1
軸	1
濬	1
躐	1
躝	1
埘	1
塆	1
great	1
躪	1
瀞	1
堯	1
闼	1
埶	1
揳	1
搴	1
菔	1
坵	1
festival	1
##work	1
澘	1
轎	1
轍	1
澣	1
墜	1
図	1
甾	1
掓	1
陞	1
攲	1
簬	1
攬	1
簺	1
iot	1
瀾	1
##works	1
##word	1
瀼	1
陴	1
蓱	1
嚮	1
##ware	1
film	1
jayz	1
簕	1
##wd	1
囁	1
##wei	1
隈	1
囑	1
畎	1
畋	1
襻	1
iso9001	1
闡	1
flickr	1
攪	1
install	1
擭	1
荖	1
螢	1
ib	1
翯	1
阏	1
籊	1
甤	1
蹤	1
擄	1
濁	1
forest	1
form	1
htm	1
産	1
籀	1
擲	1
ie6	1
圹	1
翙	1
翛	1
攜	1
陃	1
粋	1
蓶	1
##zer	1
坌	1
img	1
imf	1
阯	1
##zone	1
螘	1
翫	1
mkv	1
覧	1
mmorpg	1
饣	1
饗	1
貳	1
蛔	1
憚	1
robert	1
road	1
脷	1
蛘	1
餽	1
熿	1
餬	1
貿	1
central	1
##mporary	1
review	1
卲	1
媿	1
##lvin	1
慳	1
嫜	1
嫏	1
燏	1
饾	1
嫊	1
笅	1
眊	1
枠	1
蕅	1
枟	1
##mber	1
眄	1
饫	1
锞	1
##media	1
懇	1
##mus	1
熤	1
##mw	1
笮	1
叚	1
懽	1
賬	1
熜	1
##news	1
蟫	1
笰	1
飐	1
杇	1
颩	1
笱	1
遶	1
project	1
privacy	1
蟬	1
channel	1
熝	1
琭	1
centre	1
熣	1
懔	1
餔	1
厳	1
盫	1
##nba	1
quick	1
raid	1
锬	1
笖	1
飮	1
飢	1
qvod	1
馑	1
燐	1
漥	1
嬸	1
栄	1
栃	1
駱	1
労	1
station	1
缣	1
邾	1
butler	1
柷	1
嬰	1
stage	1
柵	1
嬫	1
spring	1
spotify	1
##lab	1
brown	1
慇	1
劬	1
裎	1
tai	1
劏	1
栝	1
悵	1
悾	1
爝	1
劐	1
boost	1
sync	1
爍	1
驢	1
燿	1
brandt	1
缡	1
嬤	1
邶	1
貎	1
speed	1
side	1
馴	1
柈	1
柇	1
馮	1
匋	1
愷	1
shell	1
愼	1
眹	1
眵	1
柁	1
匦	1
##lter	1
枻	1
愦	1
勻	1
駃	1
愍	1
燦	1
愀	1
駉	1
song	1
睆	1
紉	1
society	1
貞	1
small	1
##lish	1
##list	1
燠	1
柙	1
愙	1
price	1
裰	1
press	1
瑵	1
赙	1
迠	1
迖	1
迋	1
癆	1
拝	1
##rail	1
鞏	1
羑	1
迆	1
镎	1
癀	1
蔣	1
蔟	1
瑽	1
##ql	1
脤	1
朮	1
拊	1
迺	1
of	1
oem	1
姤	1
蓇	1
nvidia	1
##press	1
##price	1
滲	1
迮	1
nownews	1
##public	1
迨	1
癙	1
韚	1
##rcle	1
晼	1
妬	1
瘼	1
discovery	1
瘏	1
dit	1
褰	1
##rner	1
months	1
##room	1
瘍	1
辯	1
覷	1
璉	1
dji	1
炱	1
唪	1
脞	1
movie	1
妘	1
唎	1
靬	1
##read	1
瘧	1
迀	1
箇	1
mwc	1
蟓	1
靦	1
瘐	1
漁	1
哳	1
dec	1
##rge	1
##rid	1
璈	1
cross	1
逈	1
脦	1
##ook	1
罙	1
瑆	1
戽	1
朏	1
煿	1
贳	1
煺	1
player	1
筇	1
place	1
顴	1
锳	1
顫	1
cmos	1
cms	1
婃	1
朓	1
蜊	1
笹	1
颋	1
盍	1
萆	1
盉	1
贓	1
贖	1
##nts	1
policy	1
滉	1
吙	1
ppi	1
戦	1
吜	1
熀	1
払	1
瑈	1
筳	1
裼	1
抅	1
曤	1
呮	1
逦	1
姲	1
##pact	1
count	1
筢	1
筦	1
country	1
姩	1
oracle	1
曁	1
筮	1
锽	1
cook	1
頸	1
panasonic	1
##ors	1
cnc	1
娠	1
collection	1
曵	1
##orage	1
呉	1
菿	1
comment	1
呌	1
遅	1
pcb	1
罨	1
扱	1
paris	1
丱	1
